1,"レディース","2020-07-09 13:21:34","2020-07-09 13:21:34",NULL
2,"トップス","2020-07-09 13:21:34","2020-07-09 13:21:34","1"
3,"Tシャツ/カットソー(半袖/袖なし)","2020-07-09 13:21:34","2020-07-09 13:21:34","1/2"
4,"Tシャツ/カットソー(七分/長袖)","2020-07-09 13:21:34","2020-07-09 13:21:34","1/2"
5,"シャツ/ブラウス(半袖/袖なし)","2020-07-09 13:21:34","2020-07-09 13:21:34","1/2"
6,"シャツ/ブラウス(七分/長袖)","2020-07-09 13:21:34","2020-07-09 13:21:34","1/2"
7,"ポロシャツ","2020-07-09 13:21:34","2020-07-09 13:21:34","1/2"
8,"キャミソール","2020-07-09 13:21:34","2020-07-09 13:21:34","1/2"
9,"タンクトップ","2020-07-09 13:21:34","2020-07-09 13:21:34","1/2"
10,"ホルターネック","2020-07-09 13:21:34","2020-07-09 13:21:34","1/2"
11,"ニット/セーター","2020-07-09 13:21:34","2020-07-09 13:21:34","1/2"
12,"チュニック","2020-07-09 13:21:34","2020-07-09 13:21:34","1/2"
13,"カーディガン/ボレロ","2020-07-09 13:21:34","2020-07-09 13:21:34","1/2"
14,"アンサンブル","2020-07-09 13:21:34","2020-07-09 13:21:34","1/2"
15,"ベスト/ジレ","2020-07-09 13:21:34","2020-07-09 13:21:34","1/2"
16,"パーカー","2020-07-09 13:21:34","2020-07-09 13:21:34","1/2"
17,"ジャケット/アウター","2020-07-09 13:21:34","2020-07-09 13:21:34","1"
18,"テーラードジャケット","2020-07-09 13:21:34","2020-07-09 13:21:34","1/17"
19,"ノーカラージャケット","2020-07-09 13:21:34","2020-07-09 13:21:34","1/17"
20,"Gジャン/デニムジャケット","2020-07-09 13:21:34","2020-07-09 13:21:34","1/17"
21,"レザージャケット","2020-07-09 13:21:34","2020-07-09 13:21:34","1/17"
22,"ダウンジャケット","2020-07-09 13:21:34","2020-07-09 13:21:34","1/17"
23,"ライダースジャケット","2020-07-09 13:21:34","2020-07-09 13:21:34","1/17"
24,"ミリタリージャケット","2020-07-09 13:21:34","2020-07-09 13:21:34","1/17"
25,"ダウンベスト","2020-07-09 13:21:34","2020-07-09 13:21:34","1/17"
26,"ジャンパー/ブルゾン","2020-07-09 13:21:34","2020-07-09 13:21:34","1/17"
27,"ポンチョ","2020-07-09 13:21:34","2020-07-09 13:21:34","1/17"
28,"ロングコート","2020-07-09 13:21:34","2020-07-09 13:21:34","1/17"
29,"トレンチコート","2020-07-09 13:21:34","2020-07-09 13:21:34","1/17"
30,"ダッフルコート","2020-07-09 13:21:34","2020-07-09 13:21:34","1/17"
31,"ピーコート","2020-07-09 13:21:34","2020-07-09 13:21:34","1/17"
32,"パンツ","2020-07-09 13:21:34","2020-07-09 13:21:34","1"
33,"デニム/ジーンズ","2020-07-09 13:21:34","2020-07-09 13:21:34","1/32"
34,"ショートパンツ","2020-07-09 13:21:34","2020-07-09 13:21:34","1/32"
35,"カジュアルパンツ","2020-07-09 13:21:34","2020-07-09 13:21:34","1/32"
36,"ハーフパンツ","2020-07-09 13:21:34","2020-07-09 13:21:34","1/32"
37,"チノパン","2020-07-09 13:21:34","2020-07-09 13:21:34","1/32"
38,"ワークパンツ/カーゴパンツ","2020-07-09 13:21:34","2020-07-09 13:21:34","1/32"
39,"クロップドパンツ","2020-07-09 13:21:34","2020-07-09 13:21:34","1/32"
40,"サロペット/オーバーオール","2020-07-09 13:21:34","2020-07-09 13:21:34","1/32"
41,"オールインワン","2020-07-09 13:21:34","2020-07-09 13:21:34","1/32"
42,"サルエルパンツ","2020-07-09 13:21:34","2020-07-09 13:21:34","1/32"
43,"ガウチョパンツ","2020-07-09 13:21:34","2020-07-09 13:21:34","1/32"
44,"その他","2020-07-09 13:21:34","2020-07-09 13:21:34","1/32"
45,"スカート","2020-07-09 13:21:34","2020-07-09 13:21:34","1"
46,"ミニスカート","2020-07-09 13:21:34","2020-07-09 13:21:34","1/45"
47,"ひざ丈スカート","2020-07-09 13:21:34","2020-07-09 13:21:34","1/45"
48,"ロングスカート","2020-07-09 13:21:34","2020-07-09 13:21:34","1/45"
49,"キュロット","2020-07-09 13:21:34","2020-07-09 13:21:34","1/45"
50,"その他","2020-07-09 13:21:34","2020-07-09 13:21:34","1/45"
51,"ワンピース","2020-07-09 13:21:34","2020-07-09 13:21:34","1"
52,"ミニワンピース","2020-07-09 13:21:34","2020-07-09 13:21:34","1/51"
53,"ひざ丈ワンピース","2020-07-09 13:21:34","2020-07-09 13:21:34","1/51"
54,"ロングワンピース","2020-07-09 13:21:34","2020-07-09 13:21:34","1/51"
55,"その他","2020-07-09 13:21:34","2020-07-09 13:21:34","1/51"
56,"靴","2020-07-09 13:21:34","2020-07-09 13:21:34","1"
57,"ハイヒール/パンプス","2020-07-09 13:21:34","2020-07-09 13:21:34","1/56"
58,"ブーツ","2020-07-09 13:21:34","2020-07-09 13:21:34","1/56"
59,"サンダル","2020-07-09 13:21:34","2020-07-09 13:21:34","1/56"
60,"スニーカー","2020-07-09 13:21:34","2020-07-09 13:21:34","1/56"
61,"ミュール","2020-07-09 13:21:34","2020-07-09 13:21:34","1/56"
62,"モカシン","2020-07-09 13:21:34","2020-07-09 13:21:34","1/56"
63,"ローファー/革靴","2020-07-09 13:21:34","2020-07-09 13:21:34","1/56"
64,"フラットシューズ/バレエシューズ","2020-07-09 13:21:34","2020-07-09 13:21:34","1/56"
65,"長靴/レインシューズ","2020-07-09 13:21:34","2020-07-09 13:21:34","1/56"
66,"その他","2020-07-09 13:21:34","2020-07-09 13:21:34","1/56"
67,"ルームウェア/パジャマ","2020-07-09 13:21:34","2020-07-09 13:21:34","1"
68,"ルームウェア","2020-07-09 13:21:34","2020-07-09 13:21:34","1/67"
69,"パジャマ","2020-07-09 13:21:34","2020-07-09 13:21:34","1/67"
70,"レッグウェア","2020-07-09 13:21:34","2020-07-09 13:21:34","1"
71,"ソックス","2020-07-09 13:21:34","2020-07-09 13:21:34","1/70"
72,"スパッツ/レギンス","2020-07-09 13:21:34","2020-07-09 13:21:34","1/70"
73,"ストッキング/タイツ","2020-07-09 13:21:34","2020-07-09 13:21:34","1/70"
74,"レッグウォーマー","2020-07-09 13:21:34","2020-07-09 13:21:34","1/70"
75,"その他","2020-07-09 13:21:34","2020-07-09 13:21:34","1/70"
76,"帽子","2020-07-09 13:21:34","2020-07-09 13:21:34","1"
77,"ニットキャップ/ビーニー","2020-07-09 13:21:34","2020-07-09 13:21:34","1/76"
78,"ハット","2020-07-09 13:21:34","2020-07-09 13:21:34","1/76"
79,"ハンチング/ベレー帽","2020-07-09 13:21:34","2020-07-09 13:21:34","1/76"
80,"キャップ","2020-07-09 13:21:34","2020-07-09 13:21:34","1/76"
81,"キャスケット","2020-07-09 13:21:34","2020-07-09 13:21:34","1/76"
82,"麦わら帽子","2020-07-09 13:21:34","2020-07-09 13:21:34","1/76"
83,"その他","2020-07-09 13:21:34","2020-07-09 13:21:34","1/76"
84,"バッグ","2020-07-09 13:21:34","2020-07-09 13:21:34","1"
85,"ハンドバッグ","2020-07-09 13:21:34","2020-07-09 13:21:34","1/84"
86,"トートバッグ","2020-07-09 13:21:34","2020-07-09 13:21:34","1/84"
87,"エコバッグ","2020-07-09 13:21:34","2020-07-09 13:21:34","1/84"
88,"リュック/バックパック","2020-07-09 13:21:34","2020-07-09 13:21:34","1/84"
89,"ボストンバッグ","2020-07-09 13:21:34","2020-07-09 13:21:34","1/84"
90,"スポーツバッグ","2020-07-09 13:21:34","2020-07-09 13:21:34","1/84"
91,"ショルダーバッグ","2020-07-09 13:21:34","2020-07-09 13:21:34","1/84"
92,"クラッチバッグ","2020-07-09 13:21:34","2020-07-09 13:21:34","1/84"
93,"ポーチ/バニティ","2020-07-09 13:21:34","2020-07-09 13:21:34","1/84"
94,"ボディバッグ/ウェストバッグ","2020-07-09 13:21:34","2020-07-09 13:21:34","1/84"
95,"マザーズバッグ","2020-07-09 13:21:34","2020-07-09 13:21:34","1/84"
96,"メッセンジャーバッグ","2020-07-09 13:21:34","2020-07-09 13:21:34","1/84"
97,"ビジネスバッグ","2020-07-09 13:21:34","2020-07-09 13:21:34","1/84"
98,"旅行用バッグ/キャリーバッグ","2020-07-09 13:21:34","2020-07-09 13:21:34","1/84"
99,"アクセサリー","2020-07-09 13:21:34","2020-07-09 13:21:34","1"
100,"ネックレス","2020-07-09 13:21:34","2020-07-09 13:21:34","1/99"
101,"ブレスレット","2020-07-09 13:21:34","2020-07-09 13:21:34","1/99"
102,"バングル/リストバンド","2020-07-09 13:21:34","2020-07-09 13:21:34","1/99"
103,"リング","2020-07-09 13:21:34","2020-07-09 13:21:34","1/99"
104,"ピアス(片耳用)","2020-07-09 13:21:34","2020-07-09 13:21:34","1/99"
105,"ピアス(両耳用)","2020-07-09 13:21:34","2020-07-09 13:21:34","1/99"
106,"イヤリング","2020-07-09 13:21:34","2020-07-09 13:21:34","1/99"
107,"アンクレット","2020-07-09 13:21:34","2020-07-09 13:21:34","1/99"
108,"ブローチ/コサージュ","2020-07-09 13:21:34","2020-07-09 13:21:34","1/99"
109,"チャーム","2020-07-09 13:21:34","2020-07-09 13:21:34","1/99"
110,"その他","2020-07-09 13:21:34","2020-07-09 13:21:34","1/99"
111,"ヘアアクセサリー","2020-07-09 13:21:35","2020-07-09 13:21:35","1"
112,"ヘアゴム","2020-07-09 13:21:35","2020-07-09 13:21:35","1/111"
113,"ヘアバンド/カチューシャ","2020-07-09 13:21:35","2020-07-09 13:21:35","1/111"
114,"ヘアピン","2020-07-09 13:21:35","2020-07-09 13:21:35","1/111"
115,"その他","2020-07-09 13:21:35","2020-07-09 13:21:35","1/111"
116,"小物","2020-07-09 13:21:35","2020-07-09 13:21:35","1"
117,"長財布","2020-07-09 13:21:35","2020-07-09 13:21:35","1/116"
118,"折り財布","2020-07-09 13:21:35","2020-07-09 13:21:35","1/116"
119,"コインケース/小銭入れ","2020-07-09 13:21:35","2020-07-09 13:21:35","1/116"
120,"名刺入れ/定期入れ","2020-07-09 13:21:35","2020-07-09 13:21:35","1/116"
121,"キーケース","2020-07-09 13:21:35","2020-07-09 13:21:35","1/116"
122,"キーホルダー","2020-07-09 13:21:35","2020-07-09 13:21:35","1/116"
123,"手袋/アームカバー","2020-07-09 13:21:35","2020-07-09 13:21:35","1/116"
124,"ハンカチ","2020-07-09 13:21:35","2020-07-09 13:21:35","1/116"
125,"ベルト","2020-07-09 13:21:35","2020-07-09 13:21:35","1/116"
126,"マフラー/ショール","2020-07-09 13:21:35","2020-07-09 13:21:35","1/116"
127,"ストール/スヌード","2020-07-09 13:21:35","2020-07-09 13:21:35","1/116"
128,"バンダナ/スカーフ","2020-07-09 13:21:35","2020-07-09 13:21:35","1/116"
129,"ネックウォーマー","2020-07-09 13:21:35","2020-07-09 13:21:35","1/116"
130,"サスペンダー","2020-07-09 13:21:35","2020-07-09 13:21:35","1/116"
131,"時計","2020-07-09 13:21:35","2020-07-09 13:21:35","1"
132,"腕時計(アナログ)","2020-07-09 13:21:35","2020-07-09 13:21:35","1/131"
133,"腕時計(デジタル)","2020-07-09 13:21:35","2020-07-09 13:21:35","1/131"
134,"ラバーベルト","2020-07-09 13:21:35","2020-07-09 13:21:35","1/131"
135,"レザーベルト","2020-07-09 13:21:35","2020-07-09 13:21:35","1/131"
136,"金属ベルト","2020-07-09 13:21:35","2020-07-09 13:21:35","1/131"
137,"その他","2020-07-09 13:21:35","2020-07-09 13:21:35","1/131"
138,"その他","2020-07-09 13:21:35","2020-07-09 13:21:35","1"
139,"コスプレ","2020-07-09 13:21:35","2020-07-09 13:21:35","1/138"
140,"下着","2020-07-09 13:21:35","2020-07-09 13:21:35","1/138"
141,"その他","2020-07-09 13:21:35","2020-07-09 13:21:35","1/138"
142,"メンズ","2020-07-09 13:21:35","2020-07-09 13:21:35",NULL
143,"トップス","2020-07-09 13:21:35","2020-07-09 13:21:35","142"
144,"Tシャツ/カットソー(半袖/袖なし)","2020-07-09 13:21:35","2020-07-09 13:21:35","142/143"
145,"Tシャツ/カットソー(七分/長袖)","2020-07-09 13:21:35","2020-07-09 13:21:35","142/143"
146,"シャツ","2020-07-09 13:21:35","2020-07-09 13:21:35","142/143"
147,"ポロシャツ","2020-07-09 13:21:35","2020-07-09 13:21:35","142/143"
148,"タンクトップ","2020-07-09 13:21:35","2020-07-09 13:21:35","142/143"
149,"ニット/セーター","2020-07-09 13:21:35","2020-07-09 13:21:35","142/143"
150,"パーカー","2020-07-09 13:21:35","2020-07-09 13:21:35","142/143"
151,"カーディガン","2020-07-09 13:21:35","2020-07-09 13:21:35","142/143"
152,"スウェット","2020-07-09 13:21:35","2020-07-09 13:21:35","142/143"
153,"ジャージ","2020-07-09 13:21:35","2020-07-09 13:21:35","142/143"
154,"ベスト","2020-07-09 13:21:35","2020-07-09 13:21:35","142/143"
155,"その他","2020-07-09 13:21:35","2020-07-09 13:21:35","142/143"
156,"ジャケット/アウター","2020-07-09 13:21:35","2020-07-09 13:21:35","142"
157,"テーラードジャケット","2020-07-09 13:21:35","2020-07-09 13:21:35","142/156"
158,"ノーカラージャケット","2020-07-09 13:21:35","2020-07-09 13:21:35","142/156"
159,"Gジャン/デニムジャケット","2020-07-09 13:21:35","2020-07-09 13:21:35","142/156"
160,"レザージャケット","2020-07-09 13:21:35","2020-07-09 13:21:35","142/156"
161,"ダウンジャケット","2020-07-09 13:21:35","2020-07-09 13:21:35","142/156"
162,"ライダースジャケット","2020-07-09 13:21:35","2020-07-09 13:21:35","142/156"
163,"ミリタリージャケット","2020-07-09 13:21:35","2020-07-09 13:21:35","142/156"
164,"ナイロンジャケット","2020-07-09 13:21:35","2020-07-09 13:21:35","142/156"
165,"フライトジャケット","2020-07-09 13:21:35","2020-07-09 13:21:35","142/156"
166,"ダッフルコート","2020-07-09 13:21:35","2020-07-09 13:21:35","142/156"
167,"ピーコート","2020-07-09 13:21:35","2020-07-09 13:21:35","142/156"
168,"ステンカラーコート","2020-07-09 13:21:35","2020-07-09 13:21:35","142/156"
169,"トレンチコート","2020-07-09 13:21:35","2020-07-09 13:21:35","142/156"
170,"モッズコート","2020-07-09 13:21:35","2020-07-09 13:21:35","142/156"
171,"パンツ","2020-07-09 13:21:35","2020-07-09 13:21:35","142"
172,"デニム/ジーンズ","2020-07-09 13:21:35","2020-07-09 13:21:35","142/171"
173,"ワークパンツ/カーゴパンツ","2020-07-09 13:21:35","2020-07-09 13:21:35","142/171"
174,"スラックス","2020-07-09 13:21:35","2020-07-09 13:21:35","142/171"
175,"チノパン","2020-07-09 13:21:35","2020-07-09 13:21:35","142/171"
176,"ショートパンツ","2020-07-09 13:21:35","2020-07-09 13:21:35","142/171"
177,"ペインターパンツ","2020-07-09 13:21:35","2020-07-09 13:21:35","142/171"
178,"サルエルパンツ","2020-07-09 13:21:35","2020-07-09 13:21:35","142/171"
179,"オーバーオール","2020-07-09 13:21:35","2020-07-09 13:21:35","142/171"
180,"その他","2020-07-09 13:21:35","2020-07-09 13:21:35","142/171"
181,"靴","2020-07-09 13:21:35","2020-07-09 13:21:35","142"
182,"スニーカー","2020-07-09 13:21:35","2020-07-09 13:21:35","142/181"
183,"サンダル","2020-07-09 13:21:35","2020-07-09 13:21:35","142/181"
184,"ブーツ","2020-07-09 13:21:35","2020-07-09 13:21:35","142/181"
185,"モカシン","2020-07-09 13:21:35","2020-07-09 13:21:35","142/181"
186,"ドレス/ビジネス","2020-07-09 13:21:35","2020-07-09 13:21:35","142/181"
187,"長靴/レインシューズ","2020-07-09 13:21:35","2020-07-09 13:21:35","142/181"
188,"デッキシューズ","2020-07-09 13:21:35","2020-07-09 13:21:35","142/181"
189,"その他","2020-07-09 13:21:35","2020-07-09 13:21:35","142/181"
190,"バッグ","2020-07-09 13:21:35","2020-07-09 13:21:35","142"
191,"ショルダーバッグ","2020-07-09 13:21:35","2020-07-09 13:21:35","142/190"
192,"トートバッグ","2020-07-09 13:21:35","2020-07-09 13:21:35","142/190"
193,"ボストンバッグ","2020-07-09 13:21:35","2020-07-09 13:21:35","142/190"
194,"リュック/バックパック","2020-07-09 13:21:35","2020-07-09 13:21:35","142/190"
195,"ウェストポーチ","2020-07-09 13:21:35","2020-07-09 13:21:35","142/190"
196,"ボディバッグ","2020-07-09 13:21:35","2020-07-09 13:21:35","142/190"
197,"ドラムバッグ","2020-07-09 13:21:35","2020-07-09 13:21:35","142/190"
198,"ビジネスバッグ","2020-07-09 13:21:35","2020-07-09 13:21:35","142/190"
199,"トラベルバッグ","2020-07-09 13:21:35","2020-07-09 13:21:35","142/190"
200,"メッセンジャーバッグ","2020-07-09 13:21:35","2020-07-09 13:21:35","142/190"
201,"エコバッグ","2020-07-09 13:21:35","2020-07-09 13:21:35","142/190"
202,"その他","2020-07-09 13:21:35","2020-07-09 13:21:35","142/190"
203,"スーツ","2020-07-09 13:21:35","2020-07-09 13:21:35","142"
204,"スーツジャケット","2020-07-09 13:21:35","2020-07-09 13:21:35","142/203"
205,"スーツベスト","2020-07-09 13:21:35","2020-07-09 13:21:35","142/203"
206,"スラックス","2020-07-09 13:21:35","2020-07-09 13:21:35","142/203"
207,"セットアップ","2020-07-09 13:21:35","2020-07-09 13:21:35","142/203"
208,"その他","2020-07-09 13:21:35","2020-07-09 13:21:35","142/203"
209,"帽子","2020-07-09 13:21:35","2020-07-09 13:21:35","142"
210,"キャップ","2020-07-09 13:21:35","2020-07-09 13:21:35","142/209"
211,"ハット","2020-07-09 13:21:35","2020-07-09 13:21:35","142/209"
212,"ニットキャップ/ビーニー","2020-07-09 13:21:35","2020-07-09 13:21:35","142/209"
213,"ハンチング/ベレー帽","2020-07-09 13:21:35","2020-07-09 13:21:35","142/209"
214,"キャスケット","2020-07-09 13:21:35","2020-07-09 13:21:35","142/209"
215,"サンバイザー","2020-07-09 13:21:35","2020-07-09 13:21:35","142/209"
216,"その他","2020-07-09 13:21:35","2020-07-09 13:21:35","142/209"
217,"アクセサリー","2020-07-09 13:21:35","2020-07-09 13:21:35","142"
218,"ネックレス","2020-07-09 13:21:35","2020-07-09 13:21:35","142/217"
219,"ブレスレット","2020-07-09 13:21:35","2020-07-09 13:21:35","142/217"
220,"バングル/リストバンド","2020-07-09 13:21:35","2020-07-09 13:21:35","142/217"
221,"リング","2020-07-09 13:21:35","2020-07-09 13:21:35","142/217"
222,"ピアス(片耳用)","2020-07-09 13:21:35","2020-07-09 13:21:35","142/217"
223,"ピアス(両耳用)","2020-07-09 13:21:35","2020-07-09 13:21:35","142/217"
224,"アンクレット","2020-07-09 13:21:35","2020-07-09 13:21:35","142/217"
225,"その他","2020-07-09 13:21:35","2020-07-09 13:21:35","142/217"
226,"小物","2020-07-09 13:21:35","2020-07-09 13:21:35","142"
227,"長財布","2020-07-09 13:21:35","2020-07-09 13:21:35","142/226"
228,"折り財布","2020-07-09 13:21:35","2020-07-09 13:21:35","142/226"
229,"マネークリップ","2020-07-09 13:21:35","2020-07-09 13:21:35","142/226"
230,"コインケース/小銭入れ","2020-07-09 13:21:35","2020-07-09 13:21:35","142/226"
231,"名刺入れ/定期入れ","2020-07-09 13:21:35","2020-07-09 13:21:35","142/226"
232,"キーケース","2020-07-09 13:21:35","2020-07-09 13:21:35","142/226"
233,"キーホルダー","2020-07-09 13:21:35","2020-07-09 13:21:35","142/226"
234,"ネクタイ","2020-07-09 13:21:35","2020-07-09 13:21:35","142/226"
235,"手袋","2020-07-09 13:21:35","2020-07-09 13:21:35","142/226"
236,"ハンカチ","2020-07-09 13:21:35","2020-07-09 13:21:35","142/226"
237,"ベルト","2020-07-09 13:21:35","2020-07-09 13:21:35","142/226"
238,"マフラー","2020-07-09 13:21:35","2020-07-09 13:21:35","142/226"
239,"ストール","2020-07-09 13:21:35","2020-07-09 13:21:35","142/226"
240,"バンダナ","2020-07-09 13:21:35","2020-07-09 13:21:35","142/226"
241,"時計","2020-07-09 13:21:35","2020-07-09 13:21:35","142"
242,"腕時計(アナログ)","2020-07-09 13:21:35","2020-07-09 13:21:35","142/241"
243,"腕時計(デジタル)","2020-07-09 13:21:35","2020-07-09 13:21:35","142/241"
244,"ラバーベルト","2020-07-09 13:21:35","2020-07-09 13:21:35","142/241"
245,"レザーベルト","2020-07-09 13:21:35","2020-07-09 13:21:35","142/241"
246,"金属ベルト","2020-07-09 13:21:35","2020-07-09 13:21:35","142/241"
247,"その他","2020-07-09 13:21:35","2020-07-09 13:21:35","142/241"
248,"水着","2020-07-09 13:21:35","2020-07-09 13:21:35","142"
249,"一般水着","2020-07-09 13:21:35","2020-07-09 13:21:35","142/248"
250,"スポーツ用","2020-07-09 13:21:35","2020-07-09 13:21:35","142/248"
251,"アクセサリー","2020-07-09 13:21:35","2020-07-09 13:21:35","142/248"
252,"その他","2020-07-09 13:21:35","2020-07-09 13:21:35","142/248"
253,"レッグウェア","2020-07-09 13:21:35","2020-07-09 13:21:35","142"
254,"ソックス","2020-07-09 13:21:35","2020-07-09 13:21:35","142/253"
255,"スパッツ/レギンス","2020-07-09 13:21:35","2020-07-09 13:21:35","142/253"
256,"レッグウォーマー","2020-07-09 13:21:35","2020-07-09 13:21:35","142/253"
257,"その他","2020-07-09 13:21:35","2020-07-09 13:21:35","142/253"
258,"アンダーウェア","2020-07-09 13:21:35","2020-07-09 13:21:35","142"
259,"トランクス","2020-07-09 13:21:35","2020-07-09 13:21:35","142/258"
260,"ボクサーパンツ","2020-07-09 13:21:35","2020-07-09 13:21:35","142/258"
261,"その他","2020-07-09 13:21:35","2020-07-09 13:21:35","142/258"
262,"その他","2020-07-09 13:21:35","2020-07-09 13:21:35","142"
263,"ベビー・キッズ","2020-07-09 13:21:35","2020-07-09 13:21:35",NULL
264,"ベビー服(女の子用)~95cm","2020-07-09 13:21:35","2020-07-09 13:21:35","263"
265,"トップス","2020-07-09 13:21:35","2020-07-09 13:21:35","263/264"
266,"アウター","2020-07-09 13:21:35","2020-07-09 13:21:35","263/264"
267,"パンツ","2020-07-09 13:21:35","2020-07-09 13:21:35","263/264"
268,"スカート","2020-07-09 13:21:35","2020-07-09 13:21:35","263/264"
269,"ワンピース","2020-07-09 13:21:35","2020-07-09 13:21:35","263/264"
270,"ベビードレス","2020-07-09 13:21:35","2020-07-09 13:21:35","263/264"
271,"おくるみ","2020-07-09 13:21:35","2020-07-09 13:21:35","263/264"
272,"下着/肌着","2020-07-09 13:21:35","2020-07-09 13:21:35","263/264"
273,"パジャマ","2020-07-09 13:21:35","2020-07-09 13:21:35","263/264"
274,"ロンパース","2020-07-09 13:21:35","2020-07-09 13:21:35","263/264"
275,"その他","2020-07-09 13:21:35","2020-07-09 13:21:35","263/264"
276,"ベビー服(男の子用)~95cm","2020-07-09 13:21:35","2020-07-09 13:21:35","263"
277,"トップス","2020-07-09 13:21:35","2020-07-09 13:21:35","263/276"
278,"アウター","2020-07-09 13:21:35","2020-07-09 13:21:35","263/276"
279,"パンツ","2020-07-09 13:21:35","2020-07-09 13:21:35","263/276"
280,"おくるみ","2020-07-09 13:21:35","2020-07-09 13:21:35","263/276"
281,"下着/肌着","2020-07-09 13:21:35","2020-07-09 13:21:35","263/276"
282,"パジャマ","2020-07-09 13:21:35","2020-07-09 13:21:35","263/276"
283,"ロンパース","2020-07-09 13:21:35","2020-07-09 13:21:35","263/276"
284,"その他","2020-07-09 13:21:35","2020-07-09 13:21:35","263/276"
285,"ベビー服(男女兼用)~95cm","2020-07-09 13:21:35","2020-07-09 13:21:35","263"
286,"トップス","2020-07-09 13:21:35","2020-07-09 13:21:35","263/285"
287,"アウター","2020-07-09 13:21:35","2020-07-09 13:21:35","263/285"
288,"パンツ","2020-07-09 13:21:35","2020-07-09 13:21:35","263/285"
289,"おくるみ","2020-07-09 13:21:35","2020-07-09 13:21:35","263/285"
290,"下着/肌着","2020-07-09 13:21:35","2020-07-09 13:21:35","263/285"
291,"パジャマ","2020-07-09 13:21:35","2020-07-09 13:21:35","263/285"
292,"ロンパース","2020-07-09 13:21:35","2020-07-09 13:21:35","263/285"
293,"その他","2020-07-09 13:21:35","2020-07-09 13:21:35","263/285"
294,"キッズ服(女の子用)~100cm","2020-07-09 13:21:35","2020-07-09 13:21:35","263"
295,"コート","2020-07-09 13:21:35","2020-07-09 13:21:35","263/294"
296,"ジャケット/上着","2020-07-09 13:21:35","2020-07-09 13:21:35","263/294"
297,"トップス(Tシャツ/カットソー)","2020-07-09 13:21:35","2020-07-09 13:21:35","263/294"
298,"トップス(トレーナー)","2020-07-09 13:21:35","2020-07-09 13:21:35","263/294"
299,"トップス(チュニック)","2020-07-09 13:21:35","2020-07-09 13:21:35","263/294"
300,"トップス(その他)","2020-07-09 13:21:35","2020-07-09 13:21:35","263/294"
301,"スカート","2020-07-09 13:21:35","2020-07-09 13:21:35","263/294"
302,"パンツ","2020-07-09 13:21:35","2020-07-09 13:21:35","263/294"
303,"ワンピース","2020-07-09 13:21:35","2020-07-09 13:21:35","263/294"
304,"セットアップ","2020-07-09 13:21:35","2020-07-09 13:21:35","263/294"
305,"パジャマ","2020-07-09 13:21:35","2020-07-09 13:21:35","263/294"
306,"フォーマル/ドレス","2020-07-09 13:21:35","2020-07-09 13:21:35","263/294"
307,"和服","2020-07-09 13:21:35","2020-07-09 13:21:35","263/294"
308,"キッズ服(男の子用)~100cm","2020-07-09 13:21:35","2020-07-09 13:21:35","263"
309,"コート","2020-07-09 13:21:35","2020-07-09 13:21:35","263/308"
310,"ジャケット/上着","2020-07-09 13:21:35","2020-07-09 13:21:35","263/308"
311,"トップス(Tシャツ/カットソー)","2020-07-09 13:21:35","2020-07-09 13:21:35","263/308"
312,"トップス(トレーナー)","2020-07-09 13:21:35","2020-07-09 13:21:35","263/308"
313,"トップス(その他)","2020-07-09 13:21:35","2020-07-09 13:21:35","263/308"
314,"パンツ","2020-07-09 13:21:35","2020-07-09 13:21:35","263/308"
315,"セットアップ","2020-07-09 13:21:35","2020-07-09 13:21:35","263/308"
316,"パジャマ","2020-07-09 13:21:35","2020-07-09 13:21:35","263/308"
317,"フォーマル/ドレス","2020-07-09 13:21:35","2020-07-09 13:21:35","263/308"
318,"和服","2020-07-09 13:21:35","2020-07-09 13:21:35","263/308"
319,"浴衣","2020-07-09 13:21:35","2020-07-09 13:21:35","263/308"
320,"甚平","2020-07-09 13:21:35","2020-07-09 13:21:35","263/308"
321,"水着","2020-07-09 13:21:35","2020-07-09 13:21:35","263/308"
322,"その他","2020-07-09 13:21:35","2020-07-09 13:21:35","263/308"
323,"キッズ服(男女兼用)~100cm","2020-07-09 13:21:35","2020-07-09 13:21:35","263"
324,"コート","2020-07-09 13:21:35","2020-07-09 13:21:35","263/323"
325,"ジャケット/上着","2020-07-09 13:21:35","2020-07-09 13:21:35","263/323"
326,"トップス(Tシャツ/カットソー)","2020-07-09 13:21:35","2020-07-09 13:21:35","263/323"
327,"トップス(トレーナー)","2020-07-09 13:21:35","2020-07-09 13:21:35","263/323"
328,"トップス(その他)","2020-07-09 13:21:35","2020-07-09 13:21:35","263/323"
329,"ボトムス","2020-07-09 13:21:35","2020-07-09 13:21:35","263/323"
330,"パジャマ","2020-07-09 13:21:35","2020-07-09 13:21:35","263/323"
331,"その他","2020-07-09 13:21:35","2020-07-09 13:21:35","263/323"
332,"キッズ靴","2020-07-09 13:21:35","2020-07-09 13:21:35","263"
333,"スニーカー","2020-07-09 13:21:35","2020-07-09 13:21:35","263/332"
334,"サンダル","2020-07-09 13:21:35","2020-07-09 13:21:35","263/332"
335,"ブーツ","2020-07-09 13:21:35","2020-07-09 13:21:35","263/332"
336,"長靴","2020-07-09 13:21:35","2020-07-09 13:21:35","263/332"
337,"その他","2020-07-09 13:21:35","2020-07-09 13:21:35","263/332"
338,"子ども用ファッション小物","2020-07-09 13:21:35","2020-07-09 13:21:35","263"
339,"靴下/スパッツ","2020-07-09 13:21:35","2020-07-09 13:21:35","263/338"
340,"帽子","2020-07-09 13:21:35","2020-07-09 13:21:35","263/338"
341,"エプロン","2020-07-09 13:21:35","2020-07-09 13:21:35","263/338"
342,"サスペンダー","2020-07-09 13:21:35","2020-07-09 13:21:35","263/338"
343,"タイツ","2020-07-09 13:21:35","2020-07-09 13:21:35","263/338"
344,"ハンカチ","2020-07-09 13:21:35","2020-07-09 13:21:35","263/338"
345,"バンダナ","2020-07-09 13:21:35","2020-07-09 13:21:35","263/338"
346,"ベルト","2020-07-09 13:21:35","2020-07-09 13:21:35","263/338"
347,"マフラー","2020-07-09 13:21:35","2020-07-09 13:21:35","263/338"
348,"傘","2020-07-09 13:21:35","2020-07-09 13:21:35","263/338"
349,"手袋","2020-07-09 13:21:35","2020-07-09 13:21:35","263/338"
350,"スタイ","2020-07-09 13:21:35","2020-07-09 13:21:35","263/338"
351,"バッグ","2020-07-09 13:21:35","2020-07-09 13:21:35","263/338"
352,"その他","2020-07-09 13:21:35","2020-07-09 13:21:35","263/338"
353,"おむつ/トイレ/バス","2020-07-09 13:21:35","2020-07-09 13:21:35","263"
354,"おむつ用品","2020-07-09 13:21:35","2020-07-09 13:21:35","263/353"
355,"おまる/補助便座","2020-07-09 13:21:35","2020-07-09 13:21:35","263/353"
356,"トレーニングパンツ","2020-07-09 13:21:35","2020-07-09 13:21:35","263/353"
357,"ベビーバス","2020-07-09 13:21:35","2020-07-09 13:21:35","263/353"
358,"お風呂用品","2020-07-09 13:21:35","2020-07-09 13:21:35","263/353"
359,"その他","2020-07-09 13:21:35","2020-07-09 13:21:35","263/353"
360,"外出/移動用品","2020-07-09 13:21:35","2020-07-09 13:21:35","263"
361,"ベビーカー","2020-07-09 13:21:35","2020-07-09 13:21:35","263/360"
362,"抱っこひも/スリング","2020-07-09 13:21:35","2020-07-09 13:21:35","263/360"
363,"チャイルドシート","2020-07-09 13:21:35","2020-07-09 13:21:35","263/360"
364,"その他","2020-07-09 13:21:35","2020-07-09 13:21:35","263/360"
365,"授乳/食事","2020-07-09 13:21:35","2020-07-09 13:21:35","263"
366,"ミルク","2020-07-09 13:21:35","2020-07-09 13:21:35","263/365"
367,"ベビーフード","2020-07-09 13:21:35","2020-07-09 13:21:35","263/365"
368,"ベビー用食器","2020-07-09 13:21:35","2020-07-09 13:21:35","263/365"
369,"その他","2020-07-09 13:21:35","2020-07-09 13:21:35","263/365"
370,"ベビー家具/寝具/室内用品","2020-07-09 13:21:35","2020-07-09 13:21:35","263"
371,"ベッド","2020-07-09 13:21:35","2020-07-09 13:21:35","263/370"
372,"布団/毛布","2020-07-09 13:21:35","2020-07-09 13:21:35","263/370"
373,"イス","2020-07-09 13:21:35","2020-07-09 13:21:35","263/370"
374,"たんす","2020-07-09 13:21:35","2020-07-09 13:21:35","263/370"
375,"その他","2020-07-09 13:21:35","2020-07-09 13:21:35","263/370"
376,"おもちゃ","2020-07-09 13:21:35","2020-07-09 13:21:35","263"
377,"おふろのおもちゃ","2020-07-09 13:21:35","2020-07-09 13:21:35","263/376"
378,"がらがら","2020-07-09 13:21:35","2020-07-09 13:21:35","263/376"
379,"オルゴール","2020-07-09 13:21:35","2020-07-09 13:21:35","263/376"
380,"ベビージム","2020-07-09 13:21:35","2020-07-09 13:21:35","263/376"
381,"手押し車/カタカタ","2020-07-09 13:21:35","2020-07-09 13:21:35","263/376"
382,"知育玩具","2020-07-09 13:21:35","2020-07-09 13:21:35","263/376"
383,"その他","2020-07-09 13:21:35","2020-07-09 13:21:35","263/376"
384,"行事/記念品","2020-07-09 13:21:35","2020-07-09 13:21:35","263"
385,"お宮参り用品","2020-07-09 13:21:35","2020-07-09 13:21:35","263/384"
386,"お食い初め用品","2020-07-09 13:21:35","2020-07-09 13:21:35","263/384"
387,"アルバム","2020-07-09 13:21:35","2020-07-09 13:21:35","263/384"
388,"手形/足形","2020-07-09 13:21:35","2020-07-09 13:21:35","263/384"
389,"その他","2020-07-09 13:21:35","2020-07-09 13:21:35","263/384"
390,"その他","2020-07-09 13:21:35","2020-07-09 13:21:35","263"
391,"母子手帳用品","2020-07-09 13:21:35","2020-07-09 13:21:35","263/390"
392,"その他","2020-07-09 13:21:35","2020-07-09 13:21:35","263/390"
393,"インテリア・住まい・小物","2020-07-09 13:21:35","2020-07-09 13:21:35",NULL
394,"キッチン/食器","2020-07-09 13:21:35","2020-07-09 13:21:35","393"
395,"食器","2020-07-09 13:21:35","2020-07-09 13:21:35","393/394"
396,"調理器具","2020-07-09 13:21:35","2020-07-09 13:21:35","393/394"
397,"収納/キッチン雑貨","2020-07-09 13:21:35","2020-07-09 13:21:35","393/394"
398,"弁当用品","2020-07-09 13:21:35","2020-07-09 13:21:35","393/394"
399,"カトラリー(スプーン等)","2020-07-09 13:21:35","2020-07-09 13:21:35","393/394"
400,"テーブル用品","2020-07-09 13:21:35","2020-07-09 13:21:35","393/394"
401,"容器","2020-07-09 13:21:35","2020-07-09 13:21:35","393/394"
402,"エプロン","2020-07-09 13:21:35","2020-07-09 13:21:35","393/394"
403,"アルコールグッズ","2020-07-09 13:21:35","2020-07-09 13:21:35","393/394"
404,"浄水機","2020-07-09 13:21:35","2020-07-09 13:21:35","393/394"
405,"その他","2020-07-09 13:21:35","2020-07-09 13:21:35","393/394"
406,"ベッド/マットレス","2020-07-09 13:21:35","2020-07-09 13:21:35","393"
407,"セミシングルベッド","2020-07-09 13:21:35","2020-07-09 13:21:35","393/406"
408,"シングルベッド","2020-07-09 13:21:35","2020-07-09 13:21:35","393/406"
409,"セミダブルベッド","2020-07-09 13:21:35","2020-07-09 13:21:35","393/406"
410,"ダブルベッド","2020-07-09 13:21:35","2020-07-09 13:21:35","393/406"
411,"ワイドダブルベッド","2020-07-09 13:21:35","2020-07-09 13:21:35","393/406"
412,"クイーンベッド","2020-07-09 13:21:35","2020-07-09 13:21:35","393/406"
413,"キングベッド","2020-07-09 13:21:35","2020-07-09 13:21:35","393/406"
414,"脚付きマットレスベッド","2020-07-09 13:21:35","2020-07-09 13:21:35","393/406"
415,"マットレス","2020-07-09 13:21:35","2020-07-09 13:21:35","393/406"
416,"すのこベッド","2020-07-09 13:21:35","2020-07-09 13:21:35","393/406"
417,"ロフトベッド/システムベッド","2020-07-09 13:21:35","2020-07-09 13:21:35","393/406"
418,"簡易ベッド/折りたたみベッド","2020-07-09 13:21:35","2020-07-09 13:21:35","393/406"
419,"収納付き","2020-07-09 13:21:36","2020-07-09 13:21:36","393/406"
420,"その他","2020-07-09 13:21:36","2020-07-09 13:21:36","393/406"
421,"ソファ/ソファベッド","2020-07-09 13:21:36","2020-07-09 13:21:36","393"
422,"ソファセット","2020-07-09 13:21:36","2020-07-09 13:21:36","393/421"
423,"シングルソファ","2020-07-09 13:21:36","2020-07-09 13:21:36","393/421"
424,"ラブソファ","2020-07-09 13:21:36","2020-07-09 13:21:36","393/421"
425,"トリプルソファ","2020-07-09 13:21:36","2020-07-09 13:21:36","393/421"
426,"オットマン","2020-07-09 13:21:36","2020-07-09 13:21:36","393/421"
427,"コーナーソファ","2020-07-09 13:21:36","2020-07-09 13:21:36","393/421"
428,"ビーズソファ/クッションソファ","2020-07-09 13:21:36","2020-07-09 13:21:36","393/421"
429,"ローソファ/フロアソファ","2020-07-09 13:21:36","2020-07-09 13:21:36","393/421"
430,"ソファベッド","2020-07-09 13:21:36","2020-07-09 13:21:36","393/421"
431,"応接セット","2020-07-09 13:21:36","2020-07-09 13:21:36","393/421"
432,"ソファカバー","2020-07-09 13:21:36","2020-07-09 13:21:36","393/421"
433,"リクライニングソファ","2020-07-09 13:21:36","2020-07-09 13:21:36","393/421"
434,"その他","2020-07-09 13:21:36","2020-07-09 13:21:36","393/421"
435,"椅子/チェア","2020-07-09 13:21:36","2020-07-09 13:21:36","393"
436,"一般","2020-07-09 13:21:36","2020-07-09 13:21:36","393/435"
437,"スツール","2020-07-09 13:21:36","2020-07-09 13:21:36","393/435"
438,"ダイニングチェア","2020-07-09 13:21:36","2020-07-09 13:21:36","393/435"
439,"ハイバックチェア","2020-07-09 13:21:36","2020-07-09 13:21:36","393/435"
440,"ロッキングチェア","2020-07-09 13:21:36","2020-07-09 13:21:36","393/435"
441,"座椅子","2020-07-09 13:21:36","2020-07-09 13:21:36","393/435"
442,"折り畳みイス","2020-07-09 13:21:36","2020-07-09 13:21:36","393/435"
443,"デスクチェア","2020-07-09 13:21:36","2020-07-09 13:21:36","393/435"
444,"その他","2020-07-09 13:21:36","2020-07-09 13:21:36","393/435"
445,"机/テーブル","2020-07-09 13:21:36","2020-07-09 13:21:36","393"
446,"こたつ","2020-07-09 13:21:36","2020-07-09 13:21:36","393/445"
447,"カウンターテーブル","2020-07-09 13:21:36","2020-07-09 13:21:36","393/445"
448,"サイドテーブル","2020-07-09 13:21:36","2020-07-09 13:21:36","393/445"
449,"センターテーブル","2020-07-09 13:21:36","2020-07-09 13:21:36","393/445"
450,"ダイニングテーブル","2020-07-09 13:21:36","2020-07-09 13:21:36","393/445"
451,"座卓/ちゃぶ台","2020-07-09 13:21:36","2020-07-09 13:21:36","393/445"
452,"アウトドア用","2020-07-09 13:21:36","2020-07-09 13:21:36","393/445"
453,"パソコン用","2020-07-09 13:21:36","2020-07-09 13:21:36","393/445"
454,"事務机/学習机","2020-07-09 13:21:36","2020-07-09 13:21:36","393/445"
455,"その他","2020-07-09 13:21:36","2020-07-09 13:21:36","393/445"
456,"収納家具","2020-07-09 13:21:36","2020-07-09 13:21:36","393"
457,"リビング収納","2020-07-09 13:21:36","2020-07-09 13:21:36","393/456"
458,"キッチン収納","2020-07-09 13:21:36","2020-07-09 13:21:36","393/456"
459,"玄関/屋外収納","2020-07-09 13:21:36","2020-07-09 13:21:36","393/456"
460,"バス/トイレ収納","2020-07-09 13:21:36","2020-07-09 13:21:36","393/456"
461,"本収納","2020-07-09 13:21:36","2020-07-09 13:21:36","393/456"
462,"本/CD/DVD収納","2020-07-09 13:21:36","2020-07-09 13:21:36","393/456"
463,"洋服タンス/押入れ収納","2020-07-09 13:21:36","2020-07-09 13:21:36","393/456"
464,"電話台/ファックス台","2020-07-09 13:21:36","2020-07-09 13:21:36","393/456"
465,"ドレッサー/寝台","2020-07-09 13:21:36","2020-07-09 13:21:36","393/456"
466,"棚/ラック","2020-07-09 13:21:36","2020-07-09 13:21:36","393/456"
467,"ケース/ボックス","2020-07-09 13:21:36","2020-07-09 13:21:36","393/456"
468,"その他","2020-07-09 13:21:36","2020-07-09 13:21:36","393/456"
469,"ラグ/カーペット/マット","2020-07-09 13:21:36","2020-07-09 13:21:36","393"
470,"ラグ","2020-07-09 13:21:36","2020-07-09 13:21:36","393/469"
471,"カーペット","2020-07-09 13:21:36","2020-07-09 13:21:36","393/469"
472,"ホットカーペット","2020-07-09 13:21:36","2020-07-09 13:21:36","393/469"
473,"玄関/キッチンマット","2020-07-09 13:21:36","2020-07-09 13:21:36","393/469"
474,"トイレ/バスマット","2020-07-09 13:21:36","2020-07-09 13:21:36","393/469"
475,"その他","2020-07-09 13:21:36","2020-07-09 13:21:36","393/469"
476,"カーテン/ブラインド","2020-07-09 13:21:36","2020-07-09 13:21:36","393"
477,"カーテン","2020-07-09 13:21:36","2020-07-09 13:21:36","393/476"
478,"ブラインド","2020-07-09 13:21:36","2020-07-09 13:21:36","393/476"
479,"ロールスクリーン","2020-07-09 13:21:36","2020-07-09 13:21:36","393/476"
480,"のれん","2020-07-09 13:21:36","2020-07-09 13:21:36","393/476"
481,"その他","2020-07-09 13:21:36","2020-07-09 13:21:36","393/476"
482,"ライト/照明","2020-07-09 13:21:36","2020-07-09 13:21:36","393"
483,"蛍光灯/電球","2020-07-09 13:21:36","2020-07-09 13:21:36","393/482"
484,"天井照明","2020-07-09 13:21:36","2020-07-09 13:21:36","393/482"
485,"フロアスタンド","2020-07-09 13:21:36","2020-07-09 13:21:36","393/482"
486,"その他","2020-07-09 13:21:36","2020-07-09 13:21:36","393/482"
487,"寝具","2020-07-09 13:21:36","2020-07-09 13:21:36","393"
488,"布団/毛布","2020-07-09 13:21:36","2020-07-09 13:21:36","393/487"
489,"枕","2020-07-09 13:21:36","2020-07-09 13:21:36","393/487"
490,"シーツ/カバー","2020-07-09 13:21:36","2020-07-09 13:21:36","393/487"
491,"その他","2020-07-09 13:21:36","2020-07-09 13:21:36","393/487"
492,"インテリア小物","2020-07-09 13:21:36","2020-07-09 13:21:36","393"
493,"ごみ箱","2020-07-09 13:21:36","2020-07-09 13:21:36","393/492"
494,"ウェルカムボード","2020-07-09 13:21:36","2020-07-09 13:21:36","393/492"
495,"オルゴール","2020-07-09 13:21:36","2020-07-09 13:21:36","393/492"
496,"クッション","2020-07-09 13:21:36","2020-07-09 13:21:36","393/492"
497,"クッションカバー","2020-07-09 13:21:36","2020-07-09 13:21:36","393/492"
498,"スリッパラック","2020-07-09 13:21:36","2020-07-09 13:21:36","393/492"
499,"ティッシュボックス","2020-07-09 13:21:36","2020-07-09 13:21:36","393/492"
500,"バスケット/かご","2020-07-09 13:21:36","2020-07-09 13:21:36","393/492"
501,"フォトフレーム","2020-07-09 13:21:36","2020-07-09 13:21:36","393/492"
502,"マガジンラック","2020-07-09 13:21:36","2020-07-09 13:21:36","393/492"
503,"モビール","2020-07-09 13:21:36","2020-07-09 13:21:36","393/492"
504,"花瓶","2020-07-09 13:21:36","2020-07-09 13:21:36","393/492"
505,"灰皿","2020-07-09 13:21:36","2020-07-09 13:21:36","393/492"
506,"傘立て","2020-07-09 13:21:36","2020-07-09 13:21:36","393/492"
507,"季節/年中行事","2020-07-09 13:21:36","2020-07-09 13:21:36","393"
508,"正月","2020-07-09 13:21:36","2020-07-09 13:21:36","393/507"
509,"成人式","2020-07-09 13:21:36","2020-07-09 13:21:36","393/507"
510,"バレンタインデー","2020-07-09 13:21:36","2020-07-09 13:21:36","393/507"
511,"ひな祭り","2020-07-09 13:21:36","2020-07-09 13:21:36","393/507"
512,"子どもの日","2020-07-09 13:21:36","2020-07-09 13:21:36","393/507"
513,"母の日","2020-07-09 13:21:36","2020-07-09 13:21:36","393/507"
514,"父の日","2020-07-09 13:21:36","2020-07-09 13:21:36","393/507"
515,"サマーギフト/お中元","2020-07-09 13:21:36","2020-07-09 13:21:36","393/507"
516,"夏/夏休み","2020-07-09 13:21:36","2020-07-09 13:21:36","393/507"
517,"ハロウィン","2020-07-09 13:21:36","2020-07-09 13:21:36","393/507"
518,"敬老の日","2020-07-09 13:21:36","2020-07-09 13:21:36","393/507"
519,"七五三","2020-07-09 13:21:36","2020-07-09 13:21:36","393/507"
520,"お歳暮","2020-07-09 13:21:36","2020-07-09 13:21:36","393/507"
521,"クリスマス","2020-07-09 13:21:36","2020-07-09 13:21:36","393/507"
522,"その他","2020-07-09 13:21:36","2020-07-09 13:21:36","393"
523,"本・音楽・ゲーム","2020-07-09 13:21:36","2020-07-09 13:21:36",NULL
524,"本","2020-07-09 13:21:36","2020-07-09 13:21:36","523"
525,"文学/小説","2020-07-09 13:21:36","2020-07-09 13:21:36","523/524"
526,"人文/社会","2020-07-09 13:21:36","2020-07-09 13:21:36","523/524"
527,"ノンフィクション/教養","2020-07-09 13:21:36","2020-07-09 13:21:36","523/524"
528,"地図/旅行ガイド","2020-07-09 13:21:36","2020-07-09 13:21:36","523/524"
529,"ビジネス/経済","2020-07-09 13:21:36","2020-07-09 13:21:36","523/524"
530,"健康/医学","2020-07-09 13:21:36","2020-07-09 13:21:36","523/524"
531,"コンピュータ/IT","2020-07-09 13:21:36","2020-07-09 13:21:36","523/524"
532,"趣味/スポーツ/実用","2020-07-09 13:21:36","2020-07-09 13:21:36","523/524"
533,"住まい/暮らし/子育て","2020-07-09 13:21:36","2020-07-09 13:21:36","523/524"
534,"アート/エンタメ","2020-07-09 13:21:36","2020-07-09 13:21:36","523/524"
535,"洋書","2020-07-09 13:21:36","2020-07-09 13:21:36","523/524"
536,"絵本","2020-07-09 13:21:36","2020-07-09 13:21:36","523/524"
537,"参考書","2020-07-09 13:21:36","2020-07-09 13:21:36","523/524"
538,"その他","2020-07-09 13:21:36","2020-07-09 13:21:36","523/524"
539,"漫画","2020-07-09 13:21:36","2020-07-09 13:21:36","523"
540,"全巻セット","2020-07-09 13:21:36","2020-07-09 13:21:36","523/539"
541,"少年漫画","2020-07-09 13:21:36","2020-07-09 13:21:36","523/539"
542,"少女漫画","2020-07-09 13:21:36","2020-07-09 13:21:36","523/539"
543,"青年漫画","2020-07-09 13:21:36","2020-07-09 13:21:36","523/539"
544,"女性漫画","2020-07-09 13:21:36","2020-07-09 13:21:36","523/539"
545,"同人誌","2020-07-09 13:21:36","2020-07-09 13:21:36","523/539"
546,"その他","2020-07-09 13:21:36","2020-07-09 13:21:36","523/539"
547,"雑誌","2020-07-09 13:21:36","2020-07-09 13:21:36","523"
548,"アート/エンタメ/ホビー","2020-07-09 13:21:36","2020-07-09 13:21:36","523/547"
549,"ファッション","2020-07-09 13:21:36","2020-07-09 13:21:36","523/547"
550,"ニュース/総合","2020-07-09 13:21:36","2020-07-09 13:21:36","523/547"
551,"趣味/スポーツ","2020-07-09 13:21:36","2020-07-09 13:21:36","523/547"
552,"その他","2020-07-09 13:21:36","2020-07-09 13:21:36","523/547"
553,"CD","2020-07-09 13:21:36","2020-07-09 13:21:36","523"
554,"邦楽","2020-07-09 13:21:36","2020-07-09 13:21:36","523/553"
555,"洋楽","2020-07-09 13:21:36","2020-07-09 13:21:36","523/553"
556,"アニメ","2020-07-09 13:21:36","2020-07-09 13:21:36","523/553"
557,"クラシック","2020-07-09 13:21:36","2020-07-09 13:21:36","523/553"
558,"K-POP/アジア","2020-07-09 13:21:36","2020-07-09 13:21:36","523/553"
559,"キッズ/ファミリー","2020-07-09 13:21:36","2020-07-09 13:21:36","523/553"
560,"その他","2020-07-09 13:21:36","2020-07-09 13:21:36","523/553"
561,"DVD/ブルーレイ","2020-07-09 13:21:36","2020-07-09 13:21:36","523"
562,"外国映画","2020-07-09 13:21:36","2020-07-09 13:21:36","523/561"
563,"日本映画","2020-07-09 13:21:36","2020-07-09 13:21:36","523/561"
564,"アニメ","2020-07-09 13:21:36","2020-07-09 13:21:36","523/561"
565,"TVドラマ","2020-07-09 13:21:36","2020-07-09 13:21:36","523/561"
566,"ミュージック","2020-07-09 13:21:36","2020-07-09 13:21:36","523/561"
567,"お笑い/バラエティ","2020-07-09 13:21:36","2020-07-09 13:21:36","523/561"
568,"スポーツ/フィットネス","2020-07-09 13:21:36","2020-07-09 13:21:36","523/561"
569,"キッズ/ファミリー","2020-07-09 13:21:36","2020-07-09 13:21:36","523/561"
570,"その他","2020-07-09 13:21:36","2020-07-09 13:21:36","523/561"
571,"レコード","2020-07-09 13:21:36","2020-07-09 13:21:36","523"
572,"邦楽","2020-07-09 13:21:36","2020-07-09 13:21:36","523/571"
573,"洋楽","2020-07-09 13:21:36","2020-07-09 13:21:36","523/571"
574,"その他","2020-07-09 13:21:36","2020-07-09 13:21:36","523/571"
575,"テレビゲーム","2020-07-09 13:21:36","2020-07-09 13:21:36","523"
576,"家庭用ゲーム本体","2020-07-09 13:21:36","2020-07-09 13:21:36","523/575"
577,"家庭用ゲームソフト","2020-07-09 13:21:36","2020-07-09 13:21:36","523/575"
578,"携帯用ゲーム本体","2020-07-09 13:21:36","2020-07-09 13:21:36","523/575"
579,"携帯用ゲームソフト","2020-07-09 13:21:36","2020-07-09 13:21:36","523/575"
580,"PCゲーム","2020-07-09 13:21:36","2020-07-09 13:21:36","523/575"
581,"その他","2020-07-09 13:21:36","2020-07-09 13:21:36","523/575"
582,"おもちゃ・ホビー・グッズ","2020-07-09 13:21:36","2020-07-09 13:21:36",NULL
583,"おもちゃ","2020-07-09 13:21:36","2020-07-09 13:21:36","582"
584,"キャラクターグッズ","2020-07-09 13:21:36","2020-07-09 13:21:36","582/583"
585,"ぬいぐるみ","2020-07-09 13:21:36","2020-07-09 13:21:36","582/583"
586,"小物/アクセサリー","2020-07-09 13:21:36","2020-07-09 13:21:36","582/583"
587,"模型/プラモデル","2020-07-09 13:21:36","2020-07-09 13:21:36","582/583"
588,"ミニカー","2020-07-09 13:21:36","2020-07-09 13:21:36","582/583"
589,"トイラジコン","2020-07-09 13:21:36","2020-07-09 13:21:36","582/583"
590,"プラモデル","2020-07-09 13:21:36","2020-07-09 13:21:36","582/583"
591,"ホビーラジコン","2020-07-09 13:21:36","2020-07-09 13:21:36","582/583"
592,"鉄道模型","2020-07-09 13:21:36","2020-07-09 13:21:36","582/583"
593,"その他","2020-07-09 13:21:36","2020-07-09 13:21:36","582/583"
594,"タレントグッズ","2020-07-09 13:21:36","2020-07-09 13:21:36","582"
595,"アイドル","2020-07-09 13:21:36","2020-07-09 13:21:36","582/594"
596,"ミュージシャン","2020-07-09 13:21:36","2020-07-09 13:21:36","582/594"
597,"タレント/お笑い芸人","2020-07-09 13:21:36","2020-07-09 13:21:36","582/594"
598,"スポーツ選手","2020-07-09 13:21:36","2020-07-09 13:21:36","582/594"
599,"その他","2020-07-09 13:21:36","2020-07-09 13:21:36","582/594"
600,"コミック/アニメグッズ","2020-07-09 13:21:36","2020-07-09 13:21:36","582"
601,"ストラップ","2020-07-09 13:21:36","2020-07-09 13:21:36","582/600"
602,"キーホルダー","2020-07-09 13:21:36","2020-07-09 13:21:36","582/600"
603,"バッジ","2020-07-09 13:21:36","2020-07-09 13:21:36","582/600"
604,"カード","2020-07-09 13:21:36","2020-07-09 13:21:36","582/600"
605,"クリアファイル","2020-07-09 13:21:36","2020-07-09 13:21:36","582/600"
606,"ポスター","2020-07-09 13:21:36","2020-07-09 13:21:36","582/600"
607,"タオル","2020-07-09 13:21:36","2020-07-09 13:21:36","582/600"
608,"その他","2020-07-09 13:21:36","2020-07-09 13:21:36","582/600"
609,"トレーディングカード","2020-07-09 13:21:36","2020-07-09 13:21:36","582"
610,"遊戯王","2020-07-09 13:21:36","2020-07-09 13:21:36","582/609"
611,"マジック:ザ・ギャザリング","2020-07-09 13:21:36","2020-07-09 13:21:36","582/609"
612,"ポケモンカードゲーム","2020-07-09 13:21:36","2020-07-09 13:21:36","582/609"
613,"デュエルマスターズ","2020-07-09 13:21:36","2020-07-09 13:21:36","582/609"
614,"バトルスピリッツ","2020-07-09 13:21:36","2020-07-09 13:21:36","582/609"
615,"プリパラ","2020-07-09 13:21:36","2020-07-09 13:21:36","582/609"
616,"アイカツ","2020-07-09 13:21:36","2020-07-09 13:21:36","582/609"
617,"カードファイト!!ヴァンガード","2020-07-09 13:21:36","2020-07-09 13:21:36","582/609"
618,"ヴァイスシュヴァルツ","2020-07-09 13:21:36","2020-07-09 13:21:36","582/609"
619,"プロ野球オーナーズリーグ","2020-07-09 13:21:36","2020-07-09 13:21:36","582/609"
620,"ベースボールヒーローズ","2020-07-09 13:21:36","2020-07-09 13:21:36","582/609"
621,"ドラゴンボール","2020-07-09 13:21:36","2020-07-09 13:21:36","582/609"
622,"スリーブ","2020-07-09 13:21:36","2020-07-09 13:21:36","582/609"
623,"その他","2020-07-09 13:21:36","2020-07-09 13:21:36","582/609"
624,"フィギュア","2020-07-09 13:21:36","2020-07-09 13:21:36","582"
625,"コミック/アニメ","2020-07-09 13:21:36","2020-07-09 13:21:36","582/624"
626,"特撮","2020-07-09 13:21:36","2020-07-09 13:21:36","582/624"
627,"ゲームキャラクター","2020-07-09 13:21:36","2020-07-09 13:21:36","582/624"
628,"SF/ファンタジー/ホラー","2020-07-09 13:21:36","2020-07-09 13:21:36","582/624"
629,"アメコミ","2020-07-09 13:21:36","2020-07-09 13:21:36","582/624"
630,"スポーツ","2020-07-09 13:21:36","2020-07-09 13:21:36","582/624"
631,"ミリタリー","2020-07-09 13:21:36","2020-07-09 13:21:36","582/624"
632,"その他","2020-07-09 13:21:36","2020-07-09 13:21:36","582/624"
633,"楽器/器材","2020-07-09 13:21:36","2020-07-09 13:21:36","582"
634,"エレキギター","2020-07-09 13:21:36","2020-07-09 13:21:36","582/633"
635,"アコースティックギター","2020-07-09 13:21:36","2020-07-09 13:21:36","582/633"
636,"ベース","2020-07-09 13:21:36","2020-07-09 13:21:36","582/633"
637,"エフェクター","2020-07-09 13:21:36","2020-07-09 13:21:36","582/633"
638,"アンプ","2020-07-09 13:21:36","2020-07-09 13:21:36","582/633"
639,"弦楽器","2020-07-09 13:21:36","2020-07-09 13:21:36","582/633"
640,"管楽器","2020-07-09 13:21:36","2020-07-09 13:21:36","582/633"
641,"鍵盤楽器","2020-07-09 13:21:36","2020-07-09 13:21:36","582/633"
642,"打楽器","2020-07-09 13:21:36","2020-07-09 13:21:36","582/633"
643,"和楽器","2020-07-09 13:21:36","2020-07-09 13:21:36","582/633"
644,"楽譜/スコア","2020-07-09 13:21:36","2020-07-09 13:21:36","582/633"
645,"レコーディング/PA機器","2020-07-09 13:21:36","2020-07-09 13:21:36","582/633"
646,"DJ機器","2020-07-09 13:21:36","2020-07-09 13:21:36","582/633"
647,"DTM/DAW","2020-07-09 13:21:36","2020-07-09 13:21:36","582/633"
648,"その他","2020-07-09 13:21:36","2020-07-09 13:21:36","582/633"
649,"コレクション","2020-07-09 13:21:36","2020-07-09 13:21:36","582"
650,"武具","2020-07-09 13:21:36","2020-07-09 13:21:36","582/649"
651,"使用済切手/官製はがき","2020-07-09 13:21:36","2020-07-09 13:21:36","582/649"
652,"旧貨幣/金貨/銀貨/記念硬貨","2020-07-09 13:21:36","2020-07-09 13:21:36","582/649"
653,"印刷物","2020-07-09 13:21:36","2020-07-09 13:21:36","582/649"
654,"ノベルティグッズ","2020-07-09 13:21:36","2020-07-09 13:21:36","582/649"
655,"その他","2020-07-09 13:21:36","2020-07-09 13:21:36","582/649"
656,"ミリタリー","2020-07-09 13:21:36","2020-07-09 13:21:36","582"
657,"トイガン","2020-07-09 13:21:36","2020-07-09 13:21:36","582/656"
658,"個人装備","2020-07-09 13:21:36","2020-07-09 13:21:36","582/656"
659,"その他","2020-07-09 13:21:36","2020-07-09 13:21:36","582/656"
660,"美術品","2020-07-09 13:21:36","2020-07-09 13:21:36","582"
661,"陶芸","2020-07-09 13:21:36","2020-07-09 13:21:36","582/660"
662,"ガラス","2020-07-09 13:21:36","2020-07-09 13:21:36","582/660"
663,"漆芸","2020-07-09 13:21:36","2020-07-09 13:21:36","582/660"
664,"金属工芸","2020-07-09 13:21:36","2020-07-09 13:21:36","582/660"
665,"絵画/タペストリ","2020-07-09 13:21:36","2020-07-09 13:21:36","582/660"
666,"版画","2020-07-09 13:21:36","2020-07-09 13:21:36","582/660"
667,"彫刻/オブジェクト","2020-07-09 13:21:36","2020-07-09 13:21:36","582/660"
668,"書","2020-07-09 13:21:36","2020-07-09 13:21:36","582/660"
669,"写真","2020-07-09 13:21:36","2020-07-09 13:21:36","582/660"
670,"その他","2020-07-09 13:21:36","2020-07-09 13:21:36","582/660"
671,"アート用品","2020-07-09 13:21:36","2020-07-09 13:21:36","582"
672,"画材","2020-07-09 13:21:36","2020-07-09 13:21:36","582/671"
673,"額縁","2020-07-09 13:21:36","2020-07-09 13:21:36","582/671"
674,"その他","2020-07-09 13:21:36","2020-07-09 13:21:36","582/671"
675,"その他","2020-07-09 13:21:36","2020-07-09 13:21:36","582"
676,"トランプ/UNO","2020-07-09 13:21:36","2020-07-09 13:21:36","582/675"
677,"カルタ/百人一首","2020-07-09 13:21:36","2020-07-09 13:21:36","582/675"
678,"ダーツ","2020-07-09 13:21:36","2020-07-09 13:21:36","582/675"
679,"ビリヤード","2020-07-09 13:21:36","2020-07-09 13:21:36","582/675"
680,"麻雀","2020-07-09 13:21:36","2020-07-09 13:21:36","582/675"
681,"パズル/ジグソーパズル","2020-07-09 13:21:36","2020-07-09 13:21:36","582/675"
682,"囲碁/将棋","2020-07-09 13:21:36","2020-07-09 13:21:36","582/675"
683,"オセロ/チェス","2020-07-09 13:21:36","2020-07-09 13:21:36","582/675"
684,"人生ゲーム","2020-07-09 13:21:36","2020-07-09 13:21:36","582/675"
685,"野球/サッカーゲーム","2020-07-09 13:21:36","2020-07-09 13:21:36","582/675"
686,"スポーツ","2020-07-09 13:21:36","2020-07-09 13:21:36","582/675"
687,"三輪車/乗り物","2020-07-09 13:21:36","2020-07-09 13:21:36","582/675"
688,"ヨーヨー","2020-07-09 13:21:36","2020-07-09 13:21:36","582/675"
689,"模型製作用品","2020-07-09 13:21:36","2020-07-09 13:21:36","582/675"
690,"鉄道","2020-07-09 13:21:36","2020-07-09 13:21:36","582/675"
691,"航空機","2020-07-09 13:21:36","2020-07-09 13:21:36","582/675"
692,"アマチュア無線","2020-07-09 13:21:36","2020-07-09 13:21:36","582/675"
693,"パチンコ/パチスロ","2020-07-09 13:21:36","2020-07-09 13:21:36","582/675"
694,"その他","2020-07-09 13:21:36","2020-07-09 13:21:36","582/675"
695,"コスメ・香水・美容","2020-07-09 13:21:36","2020-07-09 13:21:36",NULL
696,"ベースメイク","2020-07-09 13:21:36","2020-07-09 13:21:36","695"
697,"ファンデーション","2020-07-09 13:21:36","2020-07-09 13:21:36","695/696"
698,"化粧下地","2020-07-09 13:21:36","2020-07-09 13:21:36","695/696"
699,"コントロールカラー","2020-07-09 13:21:36","2020-07-09 13:21:36","695/696"
700,"BBクリーム","2020-07-09 13:21:36","2020-07-09 13:21:36","695/696"
701,"CCクリーム","2020-07-09 13:21:36","2020-07-09 13:21:36","695/696"
702,"コンシーラー","2020-07-09 13:21:36","2020-07-09 13:21:36","695/696"
703,"フェイスパウダー","2020-07-09 13:21:36","2020-07-09 13:21:36","695/696"
704,"トライアルセット/サンプル","2020-07-09 13:21:36","2020-07-09 13:21:36","695/696"
705,"その他","2020-07-09 13:21:36","2020-07-09 13:21:36","695/696"
706,"メイクアップ","2020-07-09 13:21:36","2020-07-09 13:21:36","695"
707,"アイシャドウ","2020-07-09 13:21:36","2020-07-09 13:21:36","695/706"
708,"口紅","2020-07-09 13:21:36","2020-07-09 13:21:36","695/706"
709,"リップグロス","2020-07-09 13:21:36","2020-07-09 13:21:36","695/706"
710,"リップライナー","2020-07-09 13:21:36","2020-07-09 13:21:36","695/706"
711,"チーク","2020-07-09 13:21:36","2020-07-09 13:21:36","695/706"
712,"フェイスカラー","2020-07-09 13:21:36","2020-07-09 13:21:36","695/706"
713,"マスカラ","2020-07-09 13:21:36","2020-07-09 13:21:36","695/706"
714,"アイライナー","2020-07-09 13:21:36","2020-07-09 13:21:36","695/706"
715,"つけまつげ","2020-07-09 13:21:36","2020-07-09 13:21:36","695/706"
716,"アイブロウペンシル","2020-07-09 13:21:36","2020-07-09 13:21:36","695/706"
717,"パウダーアイブロウ","2020-07-09 13:21:36","2020-07-09 13:21:36","695/706"
718,"眉マスカラ","2020-07-09 13:21:36","2020-07-09 13:21:36","695/706"
719,"トライアルセット/サンプル","2020-07-09 13:21:36","2020-07-09 13:21:36","695/706"
720,"メイク道具/化粧小物","2020-07-09 13:21:36","2020-07-09 13:21:36","695/706"
721,"美顔用品/美顔ローラー","2020-07-09 13:21:36","2020-07-09 13:21:36","695/706"
722,"その他","2020-07-09 13:21:36","2020-07-09 13:21:36","695/706"
723,"ネイルケア","2020-07-09 13:21:36","2020-07-09 13:21:36","695"
724,"ネイルカラー","2020-07-09 13:21:36","2020-07-09 13:21:36","695/723"
725,"カラージェル","2020-07-09 13:21:37","2020-07-09 13:21:37","695/723"
726,"ネイルベースコート/トップコート","2020-07-09 13:21:37","2020-07-09 13:21:37","695/723"
727,"ネイルアート用品","2020-07-09 13:21:37","2020-07-09 13:21:37","695/723"
728,"ネイルパーツ","2020-07-09 13:21:37","2020-07-09 13:21:37","695/723"
729,"ネイルチップ/付け爪","2020-07-09 13:21:37","2020-07-09 13:21:37","695/723"
730,"手入れ用具","2020-07-09 13:21:37","2020-07-09 13:21:37","695/723"
731,"除光液","2020-07-09 13:21:37","2020-07-09 13:21:37","695/723"
732,"その他","2020-07-09 13:21:37","2020-07-09 13:21:37","695/723"
733,"香水","2020-07-09 13:21:37","2020-07-09 13:21:37","695"
734,"香水(女性用)","2020-07-09 13:21:37","2020-07-09 13:21:37","695/733"
735,"香水(男性用)","2020-07-09 13:21:37","2020-07-09 13:21:37","695/733"
736,"ユニセックス","2020-07-09 13:21:37","2020-07-09 13:21:37","695/733"
737,"ボディミスト","2020-07-09 13:21:37","2020-07-09 13:21:37","695/733"
738,"その他","2020-07-09 13:21:37","2020-07-09 13:21:37","695/733"
739,"スキンケア/基礎化粧品","2020-07-09 13:21:37","2020-07-09 13:21:37","695"
740,"化粧水/ローション","2020-07-09 13:21:37","2020-07-09 13:21:37","695/739"
741,"乳液/ミルク","2020-07-09 13:21:37","2020-07-09 13:21:37","695/739"
742,"美容液","2020-07-09 13:21:37","2020-07-09 13:21:37","695/739"
743,"フェイスクリーム","2020-07-09 13:21:37","2020-07-09 13:21:37","695/739"
744,"洗顔料","2020-07-09 13:21:37","2020-07-09 13:21:37","695/739"
745,"クレンジング/メイク落とし","2020-07-09 13:21:37","2020-07-09 13:21:37","695/739"
746,"パック/フェイスマスク","2020-07-09 13:21:37","2020-07-09 13:21:37","695/739"
747,"ジェル/ゲル","2020-07-09 13:21:37","2020-07-09 13:21:37","695/739"
748,"ブースター/導入液","2020-07-09 13:21:37","2020-07-09 13:21:37","695/739"
749,"アイケア","2020-07-09 13:21:37","2020-07-09 13:21:37","695/739"
750,"リップケア","2020-07-09 13:21:37","2020-07-09 13:21:37","695/739"
751,"トライアルセット/サンプル","2020-07-09 13:21:37","2020-07-09 13:21:37","695/739"
752,"洗顔グッズ","2020-07-09 13:21:37","2020-07-09 13:21:37","695/739"
753,"その他","2020-07-09 13:21:37","2020-07-09 13:21:37","695/739"
754,"ヘアケア","2020-07-09 13:21:37","2020-07-09 13:21:37","695"
755,"シャンプー","2020-07-09 13:21:37","2020-07-09 13:21:37","695/754"
756,"トリートメント","2020-07-09 13:21:37","2020-07-09 13:21:37","695/754"
757,"コンディショナー","2020-07-09 13:21:37","2020-07-09 13:21:37","695/754"
758,"リンス","2020-07-09 13:21:37","2020-07-09 13:21:37","695/754"
759,"スタイリング剤","2020-07-09 13:21:37","2020-07-09 13:21:37","695/754"
760,"カラーリング剤","2020-07-09 13:21:37","2020-07-09 13:21:37","695/754"
761,"ブラシ","2020-07-09 13:21:37","2020-07-09 13:21:37","695/754"
762,"その他","2020-07-09 13:21:37","2020-07-09 13:21:37","695/754"
763,"ボディケア","2020-07-09 13:21:37","2020-07-09 13:21:37","695"
764,"オイル/クリーム","2020-07-09 13:21:37","2020-07-09 13:21:37","695/763"
765,"ハンドクリーム","2020-07-09 13:21:37","2020-07-09 13:21:37","695/763"
766,"ローション","2020-07-09 13:21:37","2020-07-09 13:21:37","695/763"
767,"日焼け止め/サンオイル","2020-07-09 13:21:37","2020-07-09 13:21:37","695/763"
768,"ボディソープ","2020-07-09 13:21:37","2020-07-09 13:21:37","695/763"
769,"入浴剤","2020-07-09 13:21:37","2020-07-09 13:21:37","695/763"
770,"制汗/デオドラント","2020-07-09 13:21:37","2020-07-09 13:21:37","695/763"
771,"フットケア","2020-07-09 13:21:37","2020-07-09 13:21:37","695/763"
772,"その他","2020-07-09 13:21:37","2020-07-09 13:21:37","695/763"
773,"オーラルケア","2020-07-09 13:21:37","2020-07-09 13:21:37","695"
774,"口臭防止/エチケット用品","2020-07-09 13:21:37","2020-07-09 13:21:37","695/773"
775,"歯ブラシ","2020-07-09 13:21:37","2020-07-09 13:21:37","695/773"
776,"その他","2020-07-09 13:21:37","2020-07-09 13:21:37","695/773"
777,"リラクゼーション","2020-07-09 13:21:37","2020-07-09 13:21:37","695"
778,"エッセンシャルオイル","2020-07-09 13:21:37","2020-07-09 13:21:37","695/777"
779,"芳香器","2020-07-09 13:21:37","2020-07-09 13:21:37","695/777"
780,"お香/香炉","2020-07-09 13:21:37","2020-07-09 13:21:37","695/777"
781,"キャンドル","2020-07-09 13:21:37","2020-07-09 13:21:37","695/777"
782,"リラクゼーショングッズ","2020-07-09 13:21:37","2020-07-09 13:21:37","695/777"
783,"その他","2020-07-09 13:21:37","2020-07-09 13:21:37","695/777"
784,"ダイエット","2020-07-09 13:21:37","2020-07-09 13:21:37","695"
785,"ダイエット食品","2020-07-09 13:21:37","2020-07-09 13:21:37","695/784"
786,"エクササイズ用品","2020-07-09 13:21:37","2020-07-09 13:21:37","695/784"
787,"体重計","2020-07-09 13:21:37","2020-07-09 13:21:37","695/784"
788,"体脂肪計","2020-07-09 13:21:37","2020-07-09 13:21:37","695/784"
789,"その他","2020-07-09 13:21:37","2020-07-09 13:21:37","695/784"
790,"その他","2020-07-09 13:21:37","2020-07-09 13:21:37","695"
791,"健康用品","2020-07-09 13:21:37","2020-07-09 13:21:37","695/790"
792,"看護/介護用品","2020-07-09 13:21:37","2020-07-09 13:21:37","695/790"
793,"救急/衛生用品","2020-07-09 13:21:37","2020-07-09 13:21:37","695/790"
794,"その他","2020-07-09 13:21:37","2020-07-09 13:21:37","695/790"
795,"家電・スマホ・カメラ","2020-07-09 13:21:37","2020-07-09 13:21:37",NULL
796,"スマートフォン/携帯電話","2020-07-09 13:21:37","2020-07-09 13:21:37","795"
797,"スマートフォン本体","2020-07-09 13:21:37","2020-07-09 13:21:37","795/796"
798,"バッテリー/充電器","2020-07-09 13:21:37","2020-07-09 13:21:37","795/796"
799,"携帯電話本体","2020-07-09 13:21:37","2020-07-09 13:21:37","795/796"
800,"PHS本体","2020-07-09 13:21:37","2020-07-09 13:21:37","795/796"
801,"その他","2020-07-09 13:21:37","2020-07-09 13:21:37","795/796"
802,"スマホアクセサリー","2020-07-09 13:21:37","2020-07-09 13:21:37","795"
803,"Android用ケース","2020-07-09 13:21:37","2020-07-09 13:21:37","795/802"
804,"iPhone用ケース","2020-07-09 13:21:37","2020-07-09 13:21:37","795/802"
805,"カバー","2020-07-09 13:21:37","2020-07-09 13:21:37","795/802"
806,"イヤホンジャック","2020-07-09 13:21:37","2020-07-09 13:21:37","795/802"
807,"ストラップ","2020-07-09 13:21:37","2020-07-09 13:21:37","795/802"
808,"フィルム","2020-07-09 13:21:37","2020-07-09 13:21:37","795/802"
809,"自撮り棒","2020-07-09 13:21:37","2020-07-09 13:21:37","795/802"
810,"その他","2020-07-09 13:21:37","2020-07-09 13:21:37","795/802"
811,"PC/タブレット","2020-07-09 13:21:37","2020-07-09 13:21:37","795"
812,"タブレット","2020-07-09 13:21:37","2020-07-09 13:21:37","795/811"
813,"ノートPC","2020-07-09 13:21:37","2020-07-09 13:21:37","795/811"
814,"デスクトップ型PC","2020-07-09 13:21:37","2020-07-09 13:21:37","795/811"
815,"ディスプレイ","2020-07-09 13:21:37","2020-07-09 13:21:37","795/811"
816,"電子ブックリーダー","2020-07-09 13:21:37","2020-07-09 13:21:37","795/811"
817,"PC周辺機器","2020-07-09 13:21:37","2020-07-09 13:21:37","795/811"
818,"PCパーツ","2020-07-09 13:21:37","2020-07-09 13:21:37","795/811"
819,"その他","2020-07-09 13:21:37","2020-07-09 13:21:37","795/811"
820,"カメラ","2020-07-09 13:21:37","2020-07-09 13:21:37","795"
821,"デジタルカメラ","2020-07-09 13:21:37","2020-07-09 13:21:37","795/820"
822,"ビデオカメラ","2020-07-09 13:21:37","2020-07-09 13:21:37","795/820"
823,"レンズ(単焦点)","2020-07-09 13:21:37","2020-07-09 13:21:37","795/820"
824,"レンズ(ズーム)","2020-07-09 13:21:37","2020-07-09 13:21:37","795/820"
825,"フィルムカメラ","2020-07-09 13:21:37","2020-07-09 13:21:37","795/820"
826,"防犯カメラ","2020-07-09 13:21:37","2020-07-09 13:21:37","795/820"
827,"その他","2020-07-09 13:21:37","2020-07-09 13:21:37","795/820"
828,"テレビ/映像機器","2020-07-09 13:21:37","2020-07-09 13:21:37","795"
829,"テレビ","2020-07-09 13:21:37","2020-07-09 13:21:37","795/828"
830,"プロジェクター","2020-07-09 13:21:37","2020-07-09 13:21:37","795/828"
831,"ブルーレイレコーダー","2020-07-09 13:21:37","2020-07-09 13:21:37","795/828"
832,"DVDレコーダー","2020-07-09 13:21:37","2020-07-09 13:21:37","795/828"
833,"ブルーレイプレーヤー","2020-07-09 13:21:37","2020-07-09 13:21:37","795/828"
834,"DVDプレーヤー","2020-07-09 13:21:37","2020-07-09 13:21:37","795/828"
835,"映像用ケーブル","2020-07-09 13:21:37","2020-07-09 13:21:37","795/828"
836,"その他","2020-07-09 13:21:37","2020-07-09 13:21:37","795/828"
837,"オーディオ機器","2020-07-09 13:21:37","2020-07-09 13:21:37","795"
838,"ポータブルプレーヤー","2020-07-09 13:21:37","2020-07-09 13:21:37","795/837"
839,"イヤフォン","2020-07-09 13:21:37","2020-07-09 13:21:37","795/837"
840,"ヘッドフォン","2020-07-09 13:21:37","2020-07-09 13:21:37","795/837"
841,"アンプ","2020-07-09 13:21:37","2020-07-09 13:21:37","795/837"
842,"スピーカー","2020-07-09 13:21:37","2020-07-09 13:21:37","795/837"
843,"ケーブル/シールド","2020-07-09 13:21:37","2020-07-09 13:21:37","795/837"
844,"ラジオ","2020-07-09 13:21:37","2020-07-09 13:21:37","795/837"
845,"その他","2020-07-09 13:21:37","2020-07-09 13:21:37","795/837"
846,"美容/健康","2020-07-09 13:21:37","2020-07-09 13:21:37","795"
847,"ヘアドライヤー","2020-07-09 13:21:37","2020-07-09 13:21:37","795/846"
848,"ヘアアイロン","2020-07-09 13:21:37","2020-07-09 13:21:37","795/846"
849,"美容機器","2020-07-09 13:21:37","2020-07-09 13:21:37","795/846"
850,"電気シェーバー","2020-07-09 13:21:37","2020-07-09 13:21:37","795/846"
851,"電動歯ブラシ","2020-07-09 13:21:37","2020-07-09 13:21:37","795/846"
852,"その他","2020-07-09 13:21:37","2020-07-09 13:21:37","795/846"
853,"冷暖房/空調","2020-07-09 13:21:37","2020-07-09 13:21:37","795"
854,"エアコン","2020-07-09 13:21:37","2020-07-09 13:21:37","795/853"
855,"空気清浄器","2020-07-09 13:21:37","2020-07-09 13:21:37","795/853"
856,"加湿器","2020-07-09 13:21:37","2020-07-09 13:21:37","795/853"
857,"扇風機","2020-07-09 13:21:37","2020-07-09 13:21:37","795/853"
858,"除湿機","2020-07-09 13:21:37","2020-07-09 13:21:37","795/853"
859,"ファンヒーター","2020-07-09 13:21:37","2020-07-09 13:21:37","795/853"
860,"電気ヒーター","2020-07-09 13:21:37","2020-07-09 13:21:37","795/853"
861,"オイルヒーター","2020-07-09 13:21:37","2020-07-09 13:21:37","795/853"
862,"ストーブ","2020-07-09 13:21:37","2020-07-09 13:21:37","795/853"
863,"ホットカーペット","2020-07-09 13:21:37","2020-07-09 13:21:37","795/853"
864,"こたつ","2020-07-09 13:21:37","2020-07-09 13:21:37","795/853"
865,"電気毛布","2020-07-09 13:21:37","2020-07-09 13:21:37","795/853"
866,"その他","2020-07-09 13:21:37","2020-07-09 13:21:37","795/853"
867,"生活家電","2020-07-09 13:21:37","2020-07-09 13:21:37","795"
868,"冷蔵庫","2020-07-09 13:21:37","2020-07-09 13:21:37","795/867"
869,"洗濯機","2020-07-09 13:21:37","2020-07-09 13:21:37","795/867"
870,"炊飯器","2020-07-09 13:21:37","2020-07-09 13:21:37","795/867"
871,"電子レンジ/オーブン","2020-07-09 13:21:37","2020-07-09 13:21:37","795/867"
872,"調理家電","2020-07-09 13:21:37","2020-07-09 13:21:37","795/867"
873,"アイロン","2020-07-09 13:21:37","2020-07-09 13:21:37","795/867"
874,"掃除機","2020-07-09 13:21:37","2020-07-09 13:21:37","795/867"
875,"エスプレッソマシン","2020-07-09 13:21:37","2020-07-09 13:21:37","795/867"
876,"コーヒーメーカー","2020-07-09 13:21:37","2020-07-09 13:21:37","795/867"
877,"衣類乾燥機","2020-07-09 13:21:37","2020-07-09 13:21:37","795/867"
878,"その他","2020-07-09 13:21:37","2020-07-09 13:21:37","795/867"
879,"その他","2020-07-09 13:21:37","2020-07-09 13:21:37","795"
880,"スポーツ・レジャー","2020-07-09 13:21:37","2020-07-09 13:21:37",NULL
881,"ゴルフ","2020-07-09 13:21:37","2020-07-09 13:21:37","880"
882,"クラブ","2020-07-09 13:21:37","2020-07-09 13:21:37","880/881"
883,"ウェア(男性用)","2020-07-09 13:21:37","2020-07-09 13:21:37","880/881"
884,"ウェア(女性用)","2020-07-09 13:21:37","2020-07-09 13:21:37","880/881"
885,"バッグ","2020-07-09 13:21:37","2020-07-09 13:21:37","880/881"
886,"シューズ(男性用)","2020-07-09 13:21:37","2020-07-09 13:21:37","880/881"
887,"シューズ(女性用)","2020-07-09 13:21:37","2020-07-09 13:21:37","880/881"
888,"アクセサリー","2020-07-09 13:21:37","2020-07-09 13:21:37","880/881"
889,"その他","2020-07-09 13:21:37","2020-07-09 13:21:37","880/881"
890,"フィッシング","2020-07-09 13:21:37","2020-07-09 13:21:37","880"
891,"ロッド","2020-07-09 13:21:37","2020-07-09 13:21:37","880/890"
892,"リール","2020-07-09 13:21:37","2020-07-09 13:21:37","880/890"
893,"ルアー用品","2020-07-09 13:21:37","2020-07-09 13:21:37","880/890"
894,"ウェア","2020-07-09 13:21:37","2020-07-09 13:21:37","880/890"
895,"釣り糸/ライン","2020-07-09 13:21:37","2020-07-09 13:21:37","880/890"
896,"その他","2020-07-09 13:21:37","2020-07-09 13:21:37","880/890"
897,"自転車","2020-07-09 13:21:37","2020-07-09 13:21:37","880"
898,"自転車本体","2020-07-09 13:21:37","2020-07-09 13:21:37","880/897"
899,"ウェア","2020-07-09 13:21:37","2020-07-09 13:21:37","880/897"
900,"パーツ","2020-07-09 13:21:37","2020-07-09 13:21:37","880/897"
901,"アクセサリー","2020-07-09 13:21:37","2020-07-09 13:21:37","880/897"
902,"バッグ","2020-07-09 13:21:37","2020-07-09 13:21:37","880/897"
903,"工具/メンテナンス","2020-07-09 13:21:37","2020-07-09 13:21:37","880/897"
904,"その他","2020-07-09 13:21:37","2020-07-09 13:21:37","880/897"
905,"トレーニング/エクササイズ","2020-07-09 13:21:37","2020-07-09 13:21:37","880"
906,"ランニング","2020-07-09 13:21:37","2020-07-09 13:21:37","880/905"
907,"ウォーキング","2020-07-09 13:21:37","2020-07-09 13:21:37","880/905"
908,"ヨガ","2020-07-09 13:21:37","2020-07-09 13:21:37","880/905"
909,"トレーニング用品","2020-07-09 13:21:37","2020-07-09 13:21:37","880/905"
910,"その他","2020-07-09 13:21:37","2020-07-09 13:21:37","880/905"
911,"野球","2020-07-09 13:21:37","2020-07-09 13:21:37","880"
912,"ウェア","2020-07-09 13:21:37","2020-07-09 13:21:37","880/911"
913,"シューズ","2020-07-09 13:21:37","2020-07-09 13:21:37","880/911"
914,"グローブ","2020-07-09 13:21:37","2020-07-09 13:21:37","880/911"
915,"バット","2020-07-09 13:21:37","2020-07-09 13:21:37","880/911"
916,"アクセサリー","2020-07-09 13:21:37","2020-07-09 13:21:37","880/911"
917,"防具","2020-07-09 13:21:37","2020-07-09 13:21:37","880/911"
918,"練習機器","2020-07-09 13:21:37","2020-07-09 13:21:37","880/911"
919,"記念グッズ","2020-07-09 13:21:37","2020-07-09 13:21:37","880/911"
920,"応援グッズ","2020-07-09 13:21:37","2020-07-09 13:21:37","880/911"
921,"その他","2020-07-09 13:21:37","2020-07-09 13:21:37","880/911"
922,"サッカー/フットサル","2020-07-09 13:21:37","2020-07-09 13:21:37","880"
923,"ウェア","2020-07-09 13:21:37","2020-07-09 13:21:37","880/922"
924,"シューズ","2020-07-09 13:21:37","2020-07-09 13:21:37","880/922"
925,"ボール","2020-07-09 13:21:37","2020-07-09 13:21:37","880/922"
926,"アクセサリー","2020-07-09 13:21:37","2020-07-09 13:21:37","880/922"
927,"記念グッズ","2020-07-09 13:21:37","2020-07-09 13:21:37","880/922"
928,"応援グッズ","2020-07-09 13:21:37","2020-07-09 13:21:37","880/922"
929,"その他","2020-07-09 13:21:37","2020-07-09 13:21:37","880/922"
930,"テニス","2020-07-09 13:21:37","2020-07-09 13:21:37","880"
931,"ラケット(硬式用)","2020-07-09 13:21:37","2020-07-09 13:21:37","880/930"
932,"ラケット(軟式用)","2020-07-09 13:21:37","2020-07-09 13:21:37","880/930"
933,"ウェア","2020-07-09 13:21:37","2020-07-09 13:21:37","880/930"
934,"シューズ","2020-07-09 13:21:37","2020-07-09 13:21:37","880/930"
935,"ボール","2020-07-09 13:21:37","2020-07-09 13:21:37","880/930"
936,"アクセサリー","2020-07-09 13:21:37","2020-07-09 13:21:37","880/930"
937,"記念グッズ","2020-07-09 13:21:37","2020-07-09 13:21:37","880/930"
938,"応援グッズ","2020-07-09 13:21:37","2020-07-09 13:21:37","880/930"
939,"その他","2020-07-09 13:21:37","2020-07-09 13:21:37","880/930"
940,"スノーボード","2020-07-09 13:21:37","2020-07-09 13:21:37","880"
941,"ボード","2020-07-09 13:21:37","2020-07-09 13:21:37","880/940"
942,"バインディング","2020-07-09 13:21:37","2020-07-09 13:21:37","880/940"
943,"ブーツ(男性用)","2020-07-09 13:21:37","2020-07-09 13:21:37","880/940"
944,"ブーツ(女性用)","2020-07-09 13:21:37","2020-07-09 13:21:37","880/940"
945,"ブーツ(子ども用)","2020-07-09 13:21:37","2020-07-09 13:21:37","880/940"
946,"ウェア/装備(男性用)","2020-07-09 13:21:37","2020-07-09 13:21:37","880/940"
947,"ウェア/装備(女性用)","2020-07-09 13:21:37","2020-07-09 13:21:37","880/940"
948,"ウェア/装備(子ども用)","2020-07-09 13:21:37","2020-07-09 13:21:37","880/940"
949,"アクセサリー","2020-07-09 13:21:37","2020-07-09 13:21:37","880/940"
950,"バッグ","2020-07-09 13:21:37","2020-07-09 13:21:37","880/940"
951,"その他","2020-07-09 13:21:37","2020-07-09 13:21:37","880/940"
952,"スキー","2020-07-09 13:21:37","2020-07-09 13:21:37","880"
953,"板","2020-07-09 13:21:37","2020-07-09 13:21:37","880/952"
954,"ブーツ(男性用)","2020-07-09 13:21:37","2020-07-09 13:21:37","880/952"
955,"ブーツ(女性用)","2020-07-09 13:21:37","2020-07-09 13:21:37","880/952"
956,"ブーツ(子ども用)","2020-07-09 13:21:37","2020-07-09 13:21:37","880/952"
957,"ビンディング","2020-07-09 13:21:37","2020-07-09 13:21:37","880/952"
958,"ウェア(男性用)","2020-07-09 13:21:37","2020-07-09 13:21:37","880/952"
959,"ウェア(女性用)","2020-07-09 13:21:37","2020-07-09 13:21:37","880/952"
960,"ウェア(子ども用)","2020-07-09 13:21:37","2020-07-09 13:21:37","880/952"
961,"ストック","2020-07-09 13:21:37","2020-07-09 13:21:37","880/952"
962,"その他","2020-07-09 13:21:37","2020-07-09 13:21:37","880/952"
963,"その他スポーツ","2020-07-09 13:21:37","2020-07-09 13:21:37","880"
964,"ダンス/バレエ","2020-07-09 13:21:37","2020-07-09 13:21:37","880/963"
965,"サーフィン","2020-07-09 13:21:37","2020-07-09 13:21:37","880/963"
966,"バスケットボール","2020-07-09 13:21:37","2020-07-09 13:21:37","880/963"
967,"バドミントン","2020-07-09 13:21:37","2020-07-09 13:21:37","880/963"
968,"バレーボール","2020-07-09 13:21:37","2020-07-09 13:21:37","880/963"
969,"スケートボード","2020-07-09 13:21:37","2020-07-09 13:21:37","880/963"
970,"陸上競技","2020-07-09 13:21:37","2020-07-09 13:21:37","880/963"
971,"ラグビー","2020-07-09 13:21:37","2020-07-09 13:21:37","880/963"
972,"アメリカンフットボール","2020-07-09 13:21:37","2020-07-09 13:21:37","880/963"
973,"ボクシング","2020-07-09 13:21:37","2020-07-09 13:21:37","880/963"
974,"ボウリング","2020-07-09 13:21:37","2020-07-09 13:21:37","880/963"
975,"その他","2020-07-09 13:21:37","2020-07-09 13:21:37","880/963"
976,"アウトドア","2020-07-09 13:21:37","2020-07-09 13:21:37","880"
977,"テント/タープ","2020-07-09 13:21:37","2020-07-09 13:21:37","880/976"
978,"ライト/ランタン","2020-07-09 13:21:37","2020-07-09 13:21:37","880/976"
979,"寝袋/寝具","2020-07-09 13:21:37","2020-07-09 13:21:37","880/976"
980,"テーブル/チェア","2020-07-09 13:21:37","2020-07-09 13:21:37","880/976"
981,"ストーブ/コンロ","2020-07-09 13:21:37","2020-07-09 13:21:37","880/976"
982,"調理器具","2020-07-09 13:21:37","2020-07-09 13:21:37","880/976"
983,"食器","2020-07-09 13:21:37","2020-07-09 13:21:37","880/976"
984,"登山用品","2020-07-09 13:21:37","2020-07-09 13:21:37","880/976"
985,"その他","2020-07-09 13:21:37","2020-07-09 13:21:37","880/976"
986,"その他","2020-07-09 13:21:37","2020-07-09 13:21:37","880"
987,"旅行用品","2020-07-09 13:21:37","2020-07-09 13:21:37","880/986"
988,"その他","2020-07-09 13:21:37","2020-07-09 13:21:37","880/986"
989,"ハンドメイド","2020-07-09 13:21:37","2020-07-09 13:21:37",NULL
990,"アクセサリー(女性用)","2020-07-09 13:21:37","2020-07-09 13:21:37","989"
991,"ピアス","2020-07-09 13:21:37","2020-07-09 13:21:37","989/990"
992,"イヤリング","2020-07-09 13:21:37","2020-07-09 13:21:37","989/990"
993,"ネックレス","2020-07-09 13:21:37","2020-07-09 13:21:37","989/990"
994,"ブレスレット","2020-07-09 13:21:37","2020-07-09 13:21:37","989/990"
995,"リング","2020-07-09 13:21:37","2020-07-09 13:21:37","989/990"
996,"チャーム","2020-07-09 13:21:37","2020-07-09 13:21:37","989/990"
997,"ヘアゴム","2020-07-09 13:21:37","2020-07-09 13:21:37","989/990"
998,"アンクレット","2020-07-09 13:21:37","2020-07-09 13:21:37","989/990"
999,"その他","2020-07-09 13:21:37","2020-07-09 13:21:37","989/990"
1000,"ファッション/小物","2020-07-09 13:21:37","2020-07-09 13:21:37","989"
1001,"バッグ(女性用)","2020-07-09 13:21:37","2020-07-09 13:21:37","989/1000"
1002,"バッグ(男性用)","2020-07-09 13:21:37","2020-07-09 13:21:37","989/1000"
1003,"財布(女性用)","2020-07-09 13:21:37","2020-07-09 13:21:37","989/1000"
1004,"財布(男性用)","2020-07-09 13:21:37","2020-07-09 13:21:37","989/1000"
1005,"ファッション雑貨","2020-07-09 13:21:37","2020-07-09 13:21:37","989/1000"
1006,"その他","2020-07-09 13:21:37","2020-07-09 13:21:37","989/1000"
1007,"アクセサリー/時計","2020-07-09 13:21:37","2020-07-09 13:21:37","989"
1008,"アクセサリー(男性用)","2020-07-09 13:21:37","2020-07-09 13:21:37","989/1007"
1009,"時計(女性用)","2020-07-09 13:21:37","2020-07-09 13:21:37","989/1007"
1010,"時計(男性用)","2020-07-09 13:21:37","2020-07-09 13:21:37","989/1007"
1011,"その他","2020-07-09 13:21:37","2020-07-09 13:21:37","989/1007"
1012,"日用品/インテリア","2020-07-09 13:21:37","2020-07-09 13:21:37","989"
1013,"キッチン用品","2020-07-09 13:21:37","2020-07-09 13:21:37","989/1012"
1014,"家具","2020-07-09 13:21:37","2020-07-09 13:21:37","989/1012"
1015,"文房具","2020-07-09 13:21:37","2020-07-09 13:21:37","989/1012"
1016,"アート/写真","2020-07-09 13:21:37","2020-07-09 13:21:37","989/1012"
1017,"アロマ/キャンドル","2020-07-09 13:21:37","2020-07-09 13:21:37","989/1012"
1018,"フラワー/ガーデン","2020-07-09 13:21:37","2020-07-09 13:21:37","989/1012"
1019,"その他","2020-07-09 13:21:37","2020-07-09 13:21:37","989/1012"
1020,"趣味/おもちゃ","2020-07-09 13:21:37","2020-07-09 13:21:37","989"
1021,"クラフト/布製品","2020-07-09 13:21:37","2020-07-09 13:21:37","989/1020"
1022,"おもちゃ/人形","2020-07-09 13:21:37","2020-07-09 13:21:37","989/1020"
1023,"その他","2020-07-09 13:21:37","2020-07-09 13:21:37","989/1020"
1024,"キッズ/ベビー","2020-07-09 13:21:37","2020-07-09 13:21:37","989"
1025,"ファッション雑貨","2020-07-09 13:21:37","2020-07-09 13:21:37","989/1024"
1026,"スタイ/よだれかけ","2020-07-09 13:21:37","2020-07-09 13:21:37","989/1024"
1027,"外出用品","2020-07-09 13:21:37","2020-07-09 13:21:37","989/1024"
1028,"ネームタグ","2020-07-09 13:21:37","2020-07-09 13:21:37","989/1024"
1029,"その他","2020-07-09 13:21:37","2020-07-09 13:21:37","989/1024"
1030,"素材/材料","2020-07-09 13:21:37","2020-07-09 13:21:37","989"
1031,"各種パーツ","2020-07-09 13:21:37","2020-07-09 13:21:37","989/1030"
1032,"生地/糸","2020-07-09 13:21:37","2020-07-09 13:21:37","989/1030"
1033,"型紙/パターン","2020-07-09 13:21:37","2020-07-09 13:21:37","989/1030"
1034,"その他","2020-07-09 13:21:37","2020-07-09 13:21:37","989/1030"
1035,"二次製作物","2020-07-09 13:21:37","2020-07-09 13:21:37","989"
1036,"ingress","2020-07-09 13:21:37","2020-07-09 13:21:37","989/1035"
1037,"クリエイターズ宇宙兄弟","2020-07-09 13:21:37","2020-07-09 13:21:37","989/1035"
1038,"その他","2020-07-09 13:21:37","2020-07-09 13:21:37","989/1035"
1039,"その他","2020-07-09 13:21:37","2020-07-09 13:21:37","989"
1040,"チケット","2020-07-09 13:21:37","2020-07-09 13:21:37",NULL
1041,"音楽","2020-07-09 13:21:37","2020-07-09 13:21:37","1040"
1042,"男性アイドル","2020-07-09 13:21:37","2020-07-09 13:21:37","1040/1041"
1043,"女性アイドル","2020-07-09 13:21:37","2020-07-09 13:21:37","1040/1041"
1044,"韓流","2020-07-09 13:21:38","2020-07-09 13:21:38","1040/1041"
1045,"国内アーティスト","2020-07-09 13:21:38","2020-07-09 13:21:38","1040/1041"
1046,"海外アーティスト","2020-07-09 13:21:38","2020-07-09 13:21:38","1040/1041"
1047,"音楽フェス","2020-07-09 13:21:38","2020-07-09 13:21:38","1040/1041"
1048,"声優/アニメ","2020-07-09 13:21:38","2020-07-09 13:21:38","1040/1041"
1049,"その他","2020-07-09 13:21:38","2020-07-09 13:21:38","1040/1041"
1050,"スポーツ","2020-07-09 13:21:38","2020-07-09 13:21:38","1040"
1051,"サッカー","2020-07-09 13:21:38","2020-07-09 13:21:38","1040/1050"
1052,"野球","2020-07-09 13:21:38","2020-07-09 13:21:38","1040/1050"
1053,"テニス","2020-07-09 13:21:38","2020-07-09 13:21:38","1040/1050"
1054,"格闘技/プロレス","2020-07-09 13:21:38","2020-07-09 13:21:38","1040/1050"
1055,"相撲/武道","2020-07-09 13:21:38","2020-07-09 13:21:38","1040/1050"
1056,"ゴルフ","2020-07-09 13:21:38","2020-07-09 13:21:38","1040/1050"
1057,"バレーボール","2020-07-09 13:21:38","2020-07-09 13:21:38","1040/1050"
1058,"バスケットボール","2020-07-09 13:21:38","2020-07-09 13:21:38","1040/1050"
1059,"モータースポーツ","2020-07-09 13:21:38","2020-07-09 13:21:38","1040/1050"
1060,"ウィンタースポーツ","2020-07-09 13:21:38","2020-07-09 13:21:38","1040/1050"
1061,"その他","2020-07-09 13:21:38","2020-07-09 13:21:38","1040/1050"
1062,"演劇/芸能","2020-07-09 13:21:38","2020-07-09 13:21:38","1040"
1063,"ミュージカル","2020-07-09 13:21:38","2020-07-09 13:21:38","1040/1062"
1064,"演劇","2020-07-09 13:21:38","2020-07-09 13:21:38","1040/1062"
1065,"伝統芸能","2020-07-09 13:21:38","2020-07-09 13:21:38","1040/1062"
1066,"落語","2020-07-09 13:21:38","2020-07-09 13:21:38","1040/1062"
1067,"お笑い","2020-07-09 13:21:38","2020-07-09 13:21:38","1040/1062"
1068,"オペラ","2020-07-09 13:21:38","2020-07-09 13:21:38","1040/1062"
1069,"サーカス","2020-07-09 13:21:38","2020-07-09 13:21:38","1040/1062"
1070,"バレエ","2020-07-09 13:21:38","2020-07-09 13:21:38","1040/1062"
1071,"その他","2020-07-09 13:21:38","2020-07-09 13:21:38","1040/1062"
1072,"イベント","2020-07-09 13:21:38","2020-07-09 13:21:38","1040"
1073,"声優/アニメ","2020-07-09 13:21:38","2020-07-09 13:21:38","1040/1072"
1074,"キッズ/ファミリー","2020-07-09 13:21:38","2020-07-09 13:21:38","1040/1072"
1075,"トークショー/講演会","2020-07-09 13:21:38","2020-07-09 13:21:38","1040/1072"
1076,"その他","2020-07-09 13:21:38","2020-07-09 13:21:38","1040/1072"
1077,"映画","2020-07-09 13:21:38","2020-07-09 13:21:38","1040"
1078,"邦画","2020-07-09 13:21:38","2020-07-09 13:21:38","1040/1077"
1079,"洋画","2020-07-09 13:21:38","2020-07-09 13:21:38","1040/1077"
1080,"その他","2020-07-09 13:21:38","2020-07-09 13:21:38","1040/1077"
1081,"施設利用券","2020-07-09 13:21:38","2020-07-09 13:21:38","1040"
1082,"遊園地/テーマパーク","2020-07-09 13:21:38","2020-07-09 13:21:38","1040/1081"
1083,"美術館/博物館","2020-07-09 13:21:38","2020-07-09 13:21:38","1040/1081"
1084,"スキー場","2020-07-09 13:21:38","2020-07-09 13:21:38","1040/1081"
1085,"ゴルフ場","2020-07-09 13:21:38","2020-07-09 13:21:38","1040/1081"
1086,"フィットネスクラブ","2020-07-09 13:21:38","2020-07-09 13:21:38","1040/1081"
1087,"プール","2020-07-09 13:21:38","2020-07-09 13:21:38","1040/1081"
1088,"ボウリング場","2020-07-09 13:21:38","2020-07-09 13:21:38","1040/1081"
1089,"水族館","2020-07-09 13:21:38","2020-07-09 13:21:38","1040/1081"
1090,"動物園","2020-07-09 13:21:38","2020-07-09 13:21:38","1040/1081"
1091,"その他","2020-07-09 13:21:38","2020-07-09 13:21:38","1040/1081"
1092,"優待券/割引券","2020-07-09 13:21:38","2020-07-09 13:21:38","1040"
1093,"ショッピング","2020-07-09 13:21:38","2020-07-09 13:21:38","1040/1092"
1094,"レストラン/食事券","2020-07-09 13:21:38","2020-07-09 13:21:38","1040/1092"
1095,"フード/ドリンク券","2020-07-09 13:21:38","2020-07-09 13:21:38","1040/1092"
1096,"宿泊券","2020-07-09 13:21:38","2020-07-09 13:21:38","1040/1092"
1097,"その他","2020-07-09 13:21:38","2020-07-09 13:21:38","1040/1092"
1098,"その他","2020-07-09 13:21:38","2020-07-09 13:21:38","1040"
1099,"自転車・オートバイ","2020-07-09 13:21:38","2020-07-09 13:21:38",NULL
1100,"自転車本体","2020-07-09 13:21:38","2020-07-09 13:21:38","1099"
1101,"国内自動車本体","2020-07-09 13:21:38","2020-07-09 13:21:38","1099/1100"
1102,"外国自動車本体","2020-07-09 13:21:38","2020-07-09 13:21:38","1099/1100"
1103,"自転車タイヤ/ホイール","2020-07-09 13:21:38","2020-07-09 13:21:38","1099"
1104,"タイヤ/ホイールセット","2020-07-09 13:21:38","2020-07-09 13:21:38","1099/1103"
1105,"タイヤ","2020-07-09 13:21:38","2020-07-09 13:21:38","1099/1103"
1106,"ホイール","2020-07-09 13:21:38","2020-07-09 13:21:38","1099/1103"
1107,"その他","2020-07-09 13:21:38","2020-07-09 13:21:38","1099/1103"
1108,"自転車パーツ","2020-07-09 13:21:38","2020-07-09 13:21:38","1099"
1109,"サスペンション","2020-07-09 13:21:38","2020-07-09 13:21:38","1099/1108"
1110,"ブレーキ","2020-07-09 13:21:38","2020-07-09 13:21:38","1099/1108"
1111,"外装、エアロパーツ","2020-07-09 13:21:38","2020-07-09 13:21:38","1099/1108"
1112,"ライト","2020-07-09 13:21:38","2020-07-09 13:21:38","1099/1108"
1113,"内装品、シート","2020-07-09 13:21:38","2020-07-09 13:21:38","1099/1108"
1114,"ステアリング","2020-07-09 13:21:38","2020-07-09 13:21:38","1099/1108"
1115,"マフラー・排気系","2020-07-09 13:21:38","2020-07-09 13:21:38","1099/1108"
1116,"エンジン、過給器、冷却装置","2020-07-09 13:21:38","2020-07-09 13:21:38","1099/1108"
1117,"クラッチ、ミッション、駆動系","2020-07-09 13:21:38","2020-07-09 13:21:38","1099/1108"
1118,"電装品","2020-07-09 13:21:38","2020-07-09 13:21:38","1099/1108"
1119,"補強パーツ","2020-07-09 13:21:38","2020-07-09 13:21:38","1099/1108"
1120,"汎用パーツ","2020-07-09 13:21:38","2020-07-09 13:21:38","1099/1108"
1121,"外国自動車用パーツ","2020-07-09 13:21:38","2020-07-09 13:21:38","1099/1108"
1122,"その他","2020-07-09 13:21:38","2020-07-09 13:21:38","1099/1108"
1123,"自転車アクセサリー","2020-07-09 13:21:38","2020-07-09 13:21:38","1099"
1124,"車内アクセサリー","2020-07-09 13:21:38","2020-07-09 13:21:38","1099/1123"
1125,"カーナビ","2020-07-09 13:21:38","2020-07-09 13:21:38","1099/1123"
1126,"カーオーディオ","2020-07-09 13:21:38","2020-07-09 13:21:38","1099/1123"
1127,"車外アクセサリー","2020-07-09 13:21:38","2020-07-09 13:21:38","1099/1123"
1128,"メンテナンス用品","2020-07-09 13:21:38","2020-07-09 13:21:38","1099/1123"
1129,"チャイルドシート","2020-07-09 13:21:38","2020-07-09 13:21:38","1099/1123"
1130,"ドライブレコーダー","2020-07-09 13:21:38","2020-07-09 13:21:38","1099/1123"
1131,"レーダー探知機","2020-07-09 13:21:38","2020-07-09 13:21:38","1099/1123"
1132,"カタログ/マニュアル","2020-07-09 13:21:38","2020-07-09 13:21:38","1099/1123"
1133,"セキュリティ","2020-07-09 13:21:38","2020-07-09 13:21:38","1099/1123"
1134,"ETC","2020-07-09 13:21:38","2020-07-09 13:21:38","1099/1123"
1135,"その他","2020-07-09 13:21:38","2020-07-09 13:21:38","1099/1123"
1136,"オートバイ車体","2020-07-09 13:21:38","2020-07-09 13:21:38","1099"
1137,"オートバイパーツ","2020-07-09 13:21:38","2020-07-09 13:21:38","1099"
1138,"タイヤ","2020-07-09 13:21:38","2020-07-09 13:21:38","1099/1137"
1139,"マフラー","2020-07-09 13:21:38","2020-07-09 13:21:38","1099/1137"
1140,"エンジン、冷却装置","2020-07-09 13:21:38","2020-07-09 13:21:38","1099/1137"
1141,"カウル、フェンダー、外装","2020-07-09 13:21:38","2020-07-09 13:21:38","1099/1137"
1142,"サスペンション","2020-07-09 13:21:38","2020-07-09 13:21:38","1099/1137"
1143,"ホイール","2020-07-09 13:21:38","2020-07-09 13:21:38","1099/1137"
1144,"シート","2020-07-09 13:21:38","2020-07-09 13:21:38","1099/1137"
1145,"ブレーキ","2020-07-09 13:21:38","2020-07-09 13:21:38","1099/1137"
1146,"タンク","2020-07-09 13:21:38","2020-07-09 13:21:38","1099/1137"
1147,"ライト、ウィンカー","2020-07-09 13:21:38","2020-07-09 13:21:38","1099/1137"
1148,"チェーン、スプロケット、駆動系","2020-07-09 13:21:38","2020-07-09 13:21:38","1099/1137"
1149,"メーター","2020-07-09 13:21:38","2020-07-09 13:21:38","1099/1137"
1150,"電装系","2020-07-09 13:21:38","2020-07-09 13:21:38","1099/1137"
1151,"ミラー","2020-07-09 13:21:38","2020-07-09 13:21:38","1099/1137"
1152,"外国オートバイ用パーツ","2020-07-09 13:21:38","2020-07-09 13:21:38","1099/1137"
1153,"その他","2020-07-09 13:21:38","2020-07-09 13:21:38","1099/1137"
1154,"オートバイアクセサリー","2020-07-09 13:21:38","2020-07-09 13:21:38","1099"
1155,"ヘルメット/シールド","2020-07-09 13:21:38","2020-07-09 13:21:38","1099/1154"
1156,"バイクウェア/装備","2020-07-09 13:21:38","2020-07-09 13:21:38","1099/1154"
1157,"アクセサリー","2020-07-09 13:21:38","2020-07-09 13:21:38","1099/1154"
1158,"メンテナンス","2020-07-09 13:21:38","2020-07-09 13:21:38","1099/1154"
1159,"カタログ/マニュアル","2020-07-09 13:21:38","2020-07-09 13:21:38","1099/1154"
1160,"その他","2020-07-09 13:21:38","2020-07-09 13:21:38","1099/1154"
1161,"その他","2020-07-09 13:21:38","2020-07-09 13:21:38",NULL
1162,"まとめ売り","2020-07-09 13:21:38","2020-07-09 13:21:38","1161"
1163,"ペット用品","2020-07-09 13:21:38","2020-07-09 13:21:38","1161"
1164,"ペットフード","2020-07-09 13:21:38","2020-07-09 13:21:38","1161/1163"
1165,"犬用品","2020-07-09 13:21:38","2020-07-09 13:21:38","1161/1163"
1166,"猫用品","2020-07-09 13:21:38","2020-07-09 13:21:38","1161/1163"
1167,"魚用品/水草","2020-07-09 13:21:38","2020-07-09 13:21:38","1161/1163"
1168,"小動物用品","2020-07-09 13:21:38","2020-07-09 13:21:38","1161/1163"
1169,"爬虫類/両生類用品","2020-07-09 13:21:38","2020-07-09 13:21:38","1161/1163"
1170,"かご/おり","2020-07-09 13:21:38","2020-07-09 13:21:38","1161/1163"
1171,"鳥用品","2020-07-09 13:21:38","2020-07-09 13:21:38","1161/1163"
1172,"虫類用品","2020-07-09 13:21:38","2020-07-09 13:21:38","1161/1163"
1173,"その他","2020-07-09 13:21:38","2020-07-09 13:21:38","1161/1163"
1174,"食品","2020-07-09 13:21:38","2020-07-09 13:21:38","1161"
1175,"菓子","2020-07-09 13:21:38","2020-07-09 13:21:38","1161/1174"
1176,"米","2020-07-09 13:21:38","2020-07-09 13:21:38","1161/1174"
1177,"野菜","2020-07-09 13:21:38","2020-07-09 13:21:38","1161/1174"
1178,"果物","2020-07-09 13:21:38","2020-07-09 13:21:38","1161/1174"
1179,"調味料","2020-07-09 13:21:38","2020-07-09 13:21:38","1161/1174"
1180,"魚介類(加工食品)","2020-07-09 13:21:38","2020-07-09 13:21:38","1161/1174"
1181,"肉類(加工食品)","2020-07-09 13:21:38","2020-07-09 13:21:38","1161/1174"
1182,"その他加工食品","2020-07-09 13:21:38","2020-07-09 13:21:38","1161/1174"
1183,"その他","2020-07-09 13:21:38","2020-07-09 13:21:38","1161/1174"
1184,"飲料/酒","2020-07-09 13:21:38","2020-07-09 13:21:38","1161"
1185,"コーヒー","2020-07-09 13:21:38","2020-07-09 13:21:38","1161/1184"
1186,"ソフトドリンク","2020-07-09 13:21:38","2020-07-09 13:21:38","1161/1184"
1187,"ミネラルウォーター","2020-07-09 13:21:38","2020-07-09 13:21:38","1161/1184"
1188,"茶","2020-07-09 13:21:38","2020-07-09 13:21:38","1161/1184"
1189,"ウィスキー","2020-07-09 13:21:38","2020-07-09 13:21:38","1161/1184"
1190,"ワイン","2020-07-09 13:21:38","2020-07-09 13:21:38","1161/1184"
1191,"ブランデー","2020-07-09 13:21:38","2020-07-09 13:21:38","1161/1184"
1192,"焼酎","2020-07-09 13:21:38","2020-07-09 13:21:38","1161/1184"
1193,"日本酒","2020-07-09 13:21:38","2020-07-09 13:21:38","1161/1184"
1194,"ビール、発泡酒","2020-07-09 13:21:38","2020-07-09 13:21:38","1161/1184"
1195,"その他","2020-07-09 13:21:38","2020-07-09 13:21:38","1161/1184"
1196,"日用品/生活雑貨/旅行","2020-07-09 13:21:38","2020-07-09 13:21:38","1161"
1197,"タオル/バス用品","2020-07-09 13:21:38","2020-07-09 13:21:38","1161/1196"
1198,"日用品/生活雑貨","2020-07-09 13:21:38","2020-07-09 13:21:38","1161/1196"
1199,"洗剤/柔軟剤","2020-07-09 13:21:38","2020-07-09 13:21:38","1161/1196"
1200,"旅行用品","2020-07-09 13:21:38","2020-07-09 13:21:38","1161/1196"
1201,"防災関連グッズ","2020-07-09 13:21:38","2020-07-09 13:21:38","1161/1196"
1202,"その他","2020-07-09 13:21:38","2020-07-09 13:21:38","1161/1196"
1203,"アンティーク/コレクション","2020-07-09 13:21:38","2020-07-09 13:21:38","1161"
1204,"雑貨","2020-07-09 13:21:38","2020-07-09 13:21:38","1161/1203"
1205,"工芸品","2020-07-09 13:21:38","2020-07-09 13:21:38","1161/1203"
1206,"家具","2020-07-09 13:21:38","2020-07-09 13:21:38","1161/1203"
1207,"印刷物","2020-07-09 13:21:38","2020-07-09 13:21:38","1161/1203"
1208,"その他","2020-07-09 13:21:38","2020-07-09 13:21:38","1161/1203"
1209,"文房具/事務用品","2020-07-09 13:21:38","2020-07-09 13:21:38","1161"
1210,"筆記具","2020-07-09 13:21:38","2020-07-09 13:21:38","1161/1209"
1211,"ノート/メモ帳","2020-07-09 13:21:38","2020-07-09 13:21:38","1161/1209"
1212,"テープ/マスキングテープ","2020-07-09 13:21:38","2020-07-09 13:21:38","1161/1209"
1213,"カレンダー/スケジュール","2020-07-09 13:21:38","2020-07-09 13:21:38","1161/1209"
1214,"アルバム/スクラップ","2020-07-09 13:21:38","2020-07-09 13:21:38","1161/1209"
1215,"ファイル/バインダー","2020-07-09 13:21:38","2020-07-09 13:21:38","1161/1209"
1216,"はさみ/カッター","2020-07-09 13:21:38","2020-07-09 13:21:38","1161/1209"
1217,"カードホルダー/名刺管理","2020-07-09 13:21:38","2020-07-09 13:21:38","1161/1209"
1218,"のり/ホッチキス","2020-07-09 13:21:38","2020-07-09 13:21:38","1161/1209"
1219,"その他","2020-07-09 13:21:38","2020-07-09 13:21:38","1161/1209"
1220,"事務/店舗用品","2020-07-09 13:21:38","2020-07-09 13:21:38","1161"
1221,"オフィス用品一般","2020-07-09 13:21:38","2020-07-09 13:21:38","1161/1220"
1222,"オフィス家具","2020-07-09 13:21:38","2020-07-09 13:21:38","1161/1220"
1223,"店舗用品","2020-07-09 13:21:38","2020-07-09 13:21:38","1161/1220"
1224,"OA機器","2020-07-09 13:21:38","2020-07-09 13:21:38","1161/1220"
1225,"ラッピング/包装","2020-07-09 13:21:38","2020-07-09 13:21:38","1161/1220"
1226,"その他","2020-07-09 13:21:38","2020-07-09 13:21:38","1161/1220"
1227,"その他","2020-07-09 13:21:38","2020-07-09 13:21:38","1161"
